FID_Soil25,soilgroup,fertility,texture_to,soilserien,pH_top,soilseries,FID_wgs84_,AMPHOE_IDN,AMP_CODE,AMPHOE_T,AMPHOE_E,PROV_CODE,PROV_NAM_T,PROV_NAM_E,P_CODE,area_km2
145,18,ต่ำ,ดินร่วนเหนียวปนทราย,เดิมบาง,กรดจัดมากถึงกรดเล็กน้อย,Db,94,7206,06,อ.ดอนเจดีย์,Amphoe Don Chadi,72,จ.สุพรรณบุรี,Changwat Suphan Buri,SP,58.924431600028555
148,7,ต่ำ,ดินร่วนเหนียวปนทราย,เดิมบาง,กรดจัดมากถึงกรดเล็กน้อย,Db,94,7206,06,อ.ดอนเจดีย์,Amphoe Don Chadi,72,จ.สุพรรณบุรี,Changwat Suphan Buri,SP,201.2284630175613
150,40,ปานกลาง,ดินร่วนปนทราย,ดอนเจดีย์,กรดจัดถึงกรดเล็กน้อย,Dc,94,7206,06,อ.ดอนเจดีย์,Amphoe Don Chadi,72,จ.สุพรรณบุรี,Changwat Suphan Buri,SP,28.50085274918522
535,5,ปานกลาง,ดินร่วนเหนียวปนทรายแป้ง,มโนรมย์,กรดจัดมากถึงกรดเล็กน้อย,Mn,94,7206,06,อ.ดอนเจดีย์,Amphoe Don Chadi,72,จ.สุพรรณบุรี,Changwat Suphan Buri,SP,17.21255443622275
61,1,ปานกลาง,ดินร่วนปนดินเหนียว,บ้านหมี่,กรดจัดถึงกรดเล็กน้อย,Bm,94,7206,06,อ.ดอนเจดีย์,Amphoe Don Chadi,72,จ.สุพรรณบุรี,Changwat Suphan Buri,SP,4.76639418611375
121,4,ปานกลาง,ดินร่วนเหนียวปนทรายแป้ง,ชัยนาท,กรดจัดถึงกรดเล็กน้อย,Cn,94,7206,06,อ.ดอนเจดีย์,Amphoe Don Chadi,72,จ.สุพรรณบุรี,Changwat Suphan Buri,SP,10.431731295772195
805,4,ปานกลาง,ดินร่วนเหนียวปนทรายแป้ง,สิงห์บุรี,กรดจัดถึงกรดเล็กน้อย,Sin,94,7206,06,อ.ดอนเจดีย์,Amphoe Don Chadi,72,จ.สุพรรณบุรี,Changwat Suphan Buri,SP,0.5833926333267351
138,44B,ต่ำ,ดินร่วนปนทรายหยาบ,จันทึก,กรดปานกลางถึงเป็นกลาง,Cu,86,7203,03,อ.ด่านช้าง,Amphoe Dan Chang,72,จ.สุพรรณบุรี,Changwat Suphan Buri,SP,5.875591895778377
140,44C,ต่ำ,ดินร่วนปนทรายหยาบ,จันทึก,กรดปานกลางถึงเป็นกลาง,Cu,86,7203,03,อ.ด่านช้าง,Amphoe Dan Chang,72,จ.สุพรรณบุรี,Changwat Suphan Buri,SP,4.165039626121142
163,33,ปานกลาง,ดินร่วนปนทรายแป้ง,ดงยางเอน,กรดปานกลางถึงเป็นกลาง,Don,86,7203,03,อ.ด่านช้าง,Amphoe Dan Chang,72,จ.สุพรรณบุรี,Changwat Suphan Buri,SP,6.080435509561512
168,35,ปานกลาง,ดินร่วนปนดินเหนียว,ดงยางเอน,กรดปานกลางถึงเป็นกลาง,Don,86,7203,03,อ.ด่านช้าง,Amphoe Dan Chang,72,จ.สุพรรณบุรี,Changwat Suphan Buri,SP,9.741856517052305
362,36b,ต่ำ,ดินร่วนปนทราย,เขาพลอง,กรดจัดถึงกรดเล็กน้อย,Kpg,86,7203,03,อ.ด่านช้าง,Amphoe Dan Chang,72,จ.สุพรรณบุรี,Changwat Suphan Buri,SP,2.3630951289352002
363,36B,ต่ำ,ดินร่วนปนทราย,เขาพลอง,กรดจัดถึงกรดเล็กน้อย,Kpg,86,7203,03,อ.ด่านช้าง,Amphoe Dan Chang,72,จ.สุพรรณบุรี,Changwat Suphan Buri,SP,15.26021474058364
480,56B/48B,ต่ำ,ดินร่วนปนทราย,หน่วยดินเชิงซ้อนชุดดินลาดหญ้าและชุดดินท่ายาง,กรดจัดถึงกรดเล็กน้อย,Ly-Ty,86,7203,03,อ.ด่านช้าง,Amphoe Dan Chang,72,จ.สุพรรณบุรี,Changwat Suphan Buri,SP,0.6659584261940984
523,47B/RC,ปานกลาง,ดินร่วนปนดินเหนียว,หน่วยดินเชิงซ้อนชุดดินมวกเหล็กและที่ดินหินพื้นโผล่,กรดเล็กน้อยถึงเป็นกลาง,Ml-RC,86,7203,03,อ.ด่านช้าง,Amphoe Dan Chang,72,จ.สุพรรณบุรี,Changwat Suphan Buri,SP,2.010509516116966
525,47D/RC,ปานกลาง,ดินร่วนปนดินเหนียวปนกรวด,หน่วยดินเชิงซ้อนชุดดินมวกเหล็กและที่ดินหินพื้นโผล่,กรดเล็กน้อยถึงเป็นกลาง,Ml-RC,86,7203,03,อ.ด่านช้าง,Amphoe Dan Chang,72,จ.สุพรรณบุรี,Changwat Suphan Buri,SP,1.4978409520561997
980,48C,ปานกลาง,ดินร่วนเหนียวปนทรายปนกรวด,ท่ายาง,กรดจัดถึงกรดเล็กน้อย,Ty,86,7203,03,อ.ด่านช้าง,Amphoe Dan Chang,72,จ.สุพรรณบุรี,Changwat Suphan Buri,SP,2.5181178268115008
984,48C,ปานกลาง,ดินร่วนปนทราย,ท่ายาง,กรดเล็กน้อยถึงเป็นกลาง,Ty,86,7203,03,อ.ด่านช้าง,Amphoe Dan Chang,72,จ.สุพรรณบุรี,Changwat Suphan Buri,SP,0.47923668780294093
999,48D/RC,ปานกลาง,ดินร่วนปนทรายปนกรวด,หน่วยดินเชิงซ้อนชุดดินท่ายางและที่ดินหินพื้นโผล่,กรดจัดถึงกรดเล็กน้อย,Ty-RC,86,7203,03,อ.ด่านช้าง,Amphoe Dan Chang,72,จ.สุพรรณบุรี,Changwat Suphan Buri,SP,2.101947877142126
1000,48D/RC,ปานกลาง,ดินร่วนปนทรายปนกรวด,หน่วยดินเชิงซ้อนชุดดินท่ายางและที่ดินหินพื้นโผล่,กรดเล็กน้อยถึงเป็นกลาง,Ty-RC,86,7203,03,อ.ด่านช้าง,Amphoe Dan Chang,72,จ.สุพรรณบุรี,Changwat Suphan Buri,SP,1.480011732038938
1001,48D/RC,ปานกลาง,ดินร่วนปนทราย,หน่วยดินเชิงซ้อนชุดดินท่ายางและที่ดินหินพื้นโผล่,กรดเล็กน้อยถึงเป็นกลาง,Ty-RC,86,7203,03,อ.ด่านช้าง,Amphoe Dan Chang,72,จ.สุพรรณบุรี,Changwat Suphan Buri,SP,2.4226642031546124
1002,48E/RC,ปานกลาง,ดินร่วนเหนียวปนทรายปนกรวด,หน่วยดินเชิงซ้อนชุดดินท่ายางและที่ดินหินพื้นโผล่,กรดจัดถึงกรดเล็กน้อย,Ty-RC,86,7203,03,อ.ด่านช้าง,Amphoe Dan Chang,72,จ.สุพรรณบุรี,Changwat Suphan Buri,SP,0.36823339693885154
1003,48E/RC,ปานกลาง,ดินร่วนปนทรายปนกรวด,หน่วยดินเชิงซ้อนชุดดินท่ายางและที่ดินหินพื้นโผล่,กรดจัดถึงกรดเล็กน้อย,Ty-RC,86,7203,03,อ.ด่านช้าง,Amphoe Dan Chang,72,จ.สุพรรณบุรี,Changwat Suphan Buri,SP,0.6304055440244422
145,18,ต่ำ,ดินร่วนเหนียวปนทราย,เดิมบาง,กรดจัดมากถึงกรดเล็กน้อย,Db,86,7203,03,อ.ด่านช้าง,Amphoe Dan Chang,72,จ.สุพรรณบุรี,Changwat Suphan Buri,SP,7.766859992597854
167,33B,ปานกลาง,ดินร่วนปนทรายแป้ง,ดงยางเอน,กรดปานกลางถึงเป็นกลาง,Don,86,7203,03,อ.ด่านช้าง,Amphoe Dan Chang,72,จ.สุพรรณบุรี,Changwat Suphan Buri,SP,11.191543412987055
317,31B,ปานกลาง,ดินร่วนปนดินเหนียว,กลางดง,กรดจัดถึงกรดเล็กน้อย,Kld,86,7203,03,อ.ด่านช้าง,Amphoe Dan Chang,72,จ.สุพรรณบุรี,Changwat Suphan Buri,SP,4.781015589310126
318,31C,ปานกลาง,ดินร่วนปนดินเหนียว,กลางดง,กรดจัดถึงกรดเล็กน้อย,Kld,86,7203,03,อ.ด่านช้าง,Amphoe Dan Chang,72,จ.สุพรรณบุรี,Changwat Suphan Buri,SP,0.04549656646360859
355,35,ต่ำ,ดินร่วนปนทราย,เขาพลอง,กรดจัดถึงกรดเล็กน้อย,Kpg,86,7203,03,อ.ด่านช้าง,Amphoe Dan Chang,72,จ.สุพรรณบุรี,Changwat Suphan Buri,SP,40.212959084589095
356,35b,ต่ำ,ดินร่วนปนทราย,เขาพลอง,กรดจัดถึงกรดเล็กน้อย,Kpg,86,7203,03,อ.ด่านช้าง,Amphoe Dan Chang,72,จ.สุพรรณบุรี,Changwat Suphan Buri,SP,4.329288709742496
358,35B,ต่ำ,ดินร่วนปนทราย,เขาพลอง,กรดจัดถึงกรดเล็กน้อย,Kpg,86,7203,03,อ.ด่านช้าง,Amphoe Dan Chang,72,จ.สุพรรณบุรี,Changwat Suphan Buri,SP,1.1063089045033399
361,36,ต่ำ,ดินร่วนปนทราย,เขาพลอง,กรดจัดถึงกรดเล็กน้อย,Kpg,86,7203,03,อ.ด่านช้าง,Amphoe Dan Chang,72,จ.สุพรรณบุรี,Changwat Suphan Buri,SP,30.301398385496356
366,40,ต่ำ,ดินร่วนปนทราย,เขาพลอง,กรดจัดมากถึงกรดเล็กน้อย,Kpg,86,7203,03,อ.ด่านช้าง,Amphoe Dan Chang,72,จ.สุพรรณบุรี,Changwat Suphan Buri,SP,0.34875401415102997
367,40,ต่ำ,ดินร่วนปนทราย,เขาพลอง,กรดจัดถึงกรดเล็กน้อย,Kpg,86,7203,03,อ.ด่านช้าง,Amphoe Dan Chang,72,จ.สุพรรณบุรี,Changwat Suphan Buri,SP,19.064239052882794
369,40b,ต่ำ,ดินร่วนปนทราย,เขาพลอง,กรดจัดถึงกรดเล็กน้อย,Kpg,86,7203,03,อ.ด่านช้าง,Amphoe Dan Chang,72,จ.สุพรรณบุรี,Changwat Suphan Buri,SP,13.527180861148294
371,40B,ต่ำ,ดินร่วนปนทราย,เขาพลอง,กรดจัดถึงกรดเล็กน้อย,Kpg,86,7203,03,อ.ด่านช้าง,Amphoe Dan Chang,72,จ.สุพรรณบุรี,Changwat Suphan Buri,SP,43.69866785555793
379,33,ปานกลาง,ดินร่วนเหนียวปนทรายแป้ง,กำแพงแสน,กรดจัดถึงกรดเล็กน้อย,Ks,86,7203,03,อ.ด่านช้าง,Amphoe Dan Chang,72,จ.สุพรรณบุรี,Changwat Suphan Buri,SP,2.7957291424245168
380,33,ปานกลาง,ดินร่วนปนทรายแป้ง,กำแพงแสน,กรดจัดถึงกรดเล็กน้อย,Ks,86,7203,03,อ.ด่านช้าง,Amphoe Dan Chang,72,จ.สุพรรณบุรี,Changwat Suphan Buri,SP,9.248737357474592
404,28B,สูง,ดินร่วนปนดินเหนียว,ลพบุรี,กรดเล็กน้อยถึงด่างปานกลาง,Lb,86,7203,03,อ.ด่านช้าง,Amphoe Dan Chang,72,จ.สุพรรณบุรี,Changwat Suphan Buri,SP,7.377459995463422
450,35B,ต่ำ,ดินร่วนปนทราย,ลาดหญ้า,กรดจัดมากถึงกรดปานกลาง,Ly,86,7203,03,อ.ด่านช้าง,Amphoe Dan Chang,72,จ.สุพรรณบุรี,Changwat Suphan Buri,SP,13.881676212037334
451,35C,ต่ำ,ดินร่วนปนทราย,ลาดหญ้า,กรดจัดมากถึงกรดปานกลาง,Ly,86,7203,03,อ.ด่านช้าง,Amphoe Dan Chang,72,จ.สุพรรณบุรี,Changwat Suphan Buri,SP,7.197050749311431
459,56b,ต่ำ,ดินร่วนปนทราย,ลาดหญ้า,กรดจัดมากถึงกรดปานกลาง,Ly,86,7203,03,อ.ด่านช้าง,Amphoe Dan Chang,72,จ.สุพรรณบุรี,Changwat Suphan Buri,SP,0.13150543131663914
465,56B,ต่ำ,ดินร่วนปนทราย,ลาดหญ้า,กรดจัดมากถึงกรดปานกลาง,Ly,86,7203,03,อ.ด่านช้าง,Amphoe Dan Chang,72,จ.สุพรรณบุรี,Changwat Suphan Buri,SP,54.58903736978796
470,56C,ต่ำ,ดินร่วนปนทราย,ลาดหญ้า,กรดจัดมากถึงกรดปานกลาง,Ly,86,7203,03,อ.ด่านช้าง,Amphoe Dan Chang,72,จ.สุพรรณบุรี,Changwat Suphan Buri,SP,2.9440681548165974
514,47B,ปานกลาง,ดินร่วนปนดินเหนียว,มวกเหล็ก,กรดเล็กน้อยถึงเป็นกลาง,Ml,86,7203,03,อ.ด่านช้าง,Amphoe Dan Chang,72,จ.สุพรรณบุรี,Changwat Suphan Buri,SP,8.391412949926018
515,47B,ปานกลาง,ดินร่วนปนดินเหนียวปนกรวด,มวกเหล็ก,กรดเล็กน้อยถึงเป็นกลาง,Ml,86,7203,03,อ.ด่านช้าง,Amphoe Dan Chang,72,จ.สุพรรณบุรี,Changwat Suphan Buri,SP,6.3596282868315726
516,47C,ปานกลาง,ดินร่วนปนดินเหนียว,มวกเหล็ก,กรดเล็กน้อยถึงเป็นกลาง,Ml,86,7203,03,อ.ด่านช้าง,Amphoe Dan Chang,72,จ.สุพรรณบุรี,Changwat Suphan Buri,SP,7.715776525375815
517,47C,ปานกลาง,ดินร่วนปนดินเหนียวปนกรวด,มวกเหล็ก,กรดเล็กน้อยถึงเป็นกลาง,Ml,86,7203,03,อ.ด่านช้าง,Amphoe Dan Chang,72,จ.สุพรรณบุรี,Changwat Suphan Buri,SP,33.682333273615455
518,47D,ปานกลาง,ดินร่วนปนดินเหนียว,มวกเหล็ก,กรดเล็กน้อยถึงเป็นกลาง,Ml,86,7203,03,อ.ด่านช้าง,Amphoe Dan Chang,72,จ.สุพรรณบุรี,Changwat Suphan Buri,SP,0.1851113121923932
519,47D,ปานกลาง,ดินร่วนปนดินเหนียวปนกรวด,มวกเหล็ก,กรดเล็กน้อยถึงเป็นกลาง,Ml,86,7203,03,อ.ด่านช้าง,Amphoe Dan Chang,72,จ.สุพรรณบุรี,Changwat Suphan Buri,SP,8.593174104805742
521,47E,ปานกลาง,ดินร่วนปนดินเหนียวปนกรวด,มวกเหล็ก,กรดเล็กน้อยถึงเป็นกลาง,Ml,86,7203,03,อ.ด่านช้าง,Amphoe Dan Chang,72,จ.สุพรรณบุรี,Changwat Suphan Buri,SP,4.051361032047254
544,48B,ต่ำ,ดินร่วนปนทรายปนกรวด,แม่ริม,กรดจัดมากถึงกรดเล็กน้อย,Mr,86,7203,03,อ.ด่านช้าง,Amphoe Dan Chang,72,จ.สุพรรณบุรี,Changwat Suphan Buri,SP,0.5365504142591438
697,36,ต่ำ,ดินร่วนปนทราย,ปราณบุรี,กรดจัดถึงกรดเล็กน้อย,Pr,86,7203,03,อ.ด่านช้าง,Amphoe Dan Chang,72,จ.สุพรรณบุรี,Changwat Suphan Buri,SP,0.27199036972776736
770,RL,nan,,ที่ดินเต็มไปด้วยก้อนหิน,,RL,86,7203,03,อ.ด่านช้าง,Amphoe Dan Chang,72,จ.สุพรรณบุรี,Changwat Suphan Buri,SP,2.519411752191877
793,SC,nan,,พื้นที่ลาดชันเชิงซ้อน,,SC,86,7203,03,อ.ด่านช้าง,Amphoe Dan Chang,72,จ.สุพรรณบุรี,Changwat Suphan Buri,SP,611.3476918184637
800,38Bs,ต่ำ,ดินทรายปนดินร่วน,ไทรงาม,กรดจัดถึงกรดเล็กน้อย,Sg,86,7203,03,อ.ด่านช้าง,Amphoe Dan Chang,72,จ.สุพรรณบุรี,Changwat Suphan Buri,SP,9.285030037099549
840,48B,ปานกลาง,ดินร่วนปนทรายปนกรวด,ทับเสลา,กรดจัดถึงกรดเล็กน้อย,Tas,86,7203,03,อ.ด่านช้าง,Amphoe Dan Chang,72,จ.สุพรรณบุรี,Changwat Suphan Buri,SP,2.3884227835961074
843,48C,ปานกลาง,ดินร่วนปนทรายปนกรวด,ทับเสลา,กรดจัดถึงกรดเล็กน้อย,Tas,86,7203,03,อ.ด่านช้าง,Amphoe Dan Chang,72,จ.สุพรรณบุรี,Changwat Suphan Buri,SP,0.25812681693279077
896,52,สูง,ดินร่วนปนดินเหนียว,ตาคลี,เป็นกลางถึงด่างปานกลาง,Tk,86,7203,03,อ.ด่านช้าง,Amphoe Dan Chang,72,จ.สุพรรณบุรี,Changwat Suphan Buri,SP,2.8511813017513705
901,52B,สูง,ดินร่วนปนดินเหนียว,ตาคลี,เป็นกลางถึงด่างปานกลาง,Tk,86,7203,03,อ.ด่านช้าง,Amphoe Dan Chang,72,จ.สุพรรณบุรี,Changwat Suphan Buri,SP,17.33995573839416
912,54,สูง,ดินร่วนปนดินเหนียว,ตาคลี,เป็นกลางถึงด่างปานกลาง,Tk,86,7203,03,อ.ด่านช้าง,Amphoe Dan Chang,72,จ.สุพรรณบุรี,Changwat Suphan Buri,SP,1.7370423065322194
914,54B,สูง,ดินร่วนปนดินเหนียว,ตาคลี,เป็นกลางถึงด่างปานกลาง,Tk,86,7203,03,อ.ด่านช้าง,Amphoe Dan Chang,72,จ.สุพรรณบุรี,Changwat Suphan Buri,SP,27.465236036953712
972,48B,ปานกลาง,ดินร่วนปนดินเหนียวปนกรวด,ท่ายาง,กรดจัดถึงกรดเล็กน้อย,Ty,86,7203,03,อ.ด่านช้าง,Amphoe Dan Chang,72,จ.สุพรรณบุรี,Changwat Suphan Buri,SP,2.7871312543110025
974,48B,ปานกลาง,ดินร่วนปนทราย,ท่ายาง,กรดจัดถึงกรดเล็กน้อย,Ty,86,7203,03,อ.ด่านช้าง,Amphoe Dan Chang,72,จ.สุพรรณบุรี,Changwat Suphan Buri,SP,5.650449426077688
978,48C,ปานกลาง,ดินร่วนปนดินเหนียวปนกรวด,ท่ายาง,กรดจัดถึงกรดเล็กน้อย,Ty,86,7203,03,อ.ด่านช้าง,Amphoe Dan Chang,72,จ.สุพรรณบุรี,Changwat Suphan Buri,SP,2.047343168129351
981,48C,ปานกลาง,ดินร่วนปนทรายปนกรวด,ท่ายาง,กรดจัดถึงกรดเล็กน้อย,Ty,86,7203,03,อ.ด่านช้าง,Amphoe Dan Chang,72,จ.สุพรรณบุรี,Changwat Suphan Buri,SP,8.99157666791737
983,48C,ปานกลาง,ดินร่วนปนทราย,ท่ายาง,กรดจัดถึงกรดเล็กน้อย,Ty,86,7203,03,อ.ด่านช้าง,Amphoe Dan Chang,72,จ.สุพรรณบุรี,Changwat Suphan Buri,SP,45.35544270162278
987,48D,ปานกลาง,ดินร่วนปนดินเหนียวปนกรวด,ท่ายาง,กรดจัดถึงกรดเล็กน้อย,Ty,86,7203,03,อ.ด่านช้าง,Amphoe Dan Chang,72,จ.สุพรรณบุรี,Changwat Suphan Buri,SP,0.0886192636659872
988,48D,ปานกลาง,ดินร่วนปนทรายปนกรวด,ท่ายาง,กรดจัดถึงกรดเล็กน้อย,Ty,86,7203,03,อ.ด่านช้าง,Amphoe Dan Chang,72,จ.สุพรรณบุรี,Changwat Suphan Buri,SP,5.173916092112236
990,48D,ปานกลาง,ดินร่วนปนทราย,ท่ายาง,กรดจัดถึงกรดเล็กน้อย,Ty,86,7203,03,อ.ด่านช้าง,Amphoe Dan Chang,72,จ.สุพรรณบุรี,Changwat Suphan Buri,SP,0.042185537893809674
991,48E,ปานกลาง,ดินร่วนปนดินเหนียวปนกรวด,ท่ายาง,กรดจัดถึงกรดเล็กน้อย,Ty,86,7203,03,อ.ด่านช้าง,Amphoe Dan Chang,72,จ.สุพรรณบุรี,Changwat Suphan Buri,SP,0.07646096395955725
992,48E,ปานกลาง,ดินร่วนปนทรายปนกรวด,ท่ายาง,กรดจัดถึงกรดเล็กน้อย,Ty,86,7203,03,อ.ด่านช้าง,Amphoe Dan Chang,72,จ.สุพรรณบุรี,Changwat Suphan Buri,SP,0.7516130358597641
1012,W,nan,,พื้นที่น้ำ,,W,86,7203,03,อ.ด่านช้าง,Amphoe Dan Chang,72,จ.สุพรรณบุรี,Changwat Suphan Buri,SP,45.47471531005383
1016,31,ปานกลาง,ดินร่วนปนดินเหนียว,วังไห,กรดจัดถึงกรดปานกลาง,Wi,86,7203,03,อ.ด่านช้าง,Amphoe Dan Chang,72,จ.สุพรรณบุรี,Changwat Suphan Buri,SP,0.8402469625555353
1018,31B,ปานกลาง,ดินร่วนปนดินเหนียว,วังไห,กรดจัดถึงกรดปานกลาง,Wi,86,7203,03,อ.ด่านช้าง,Amphoe Dan Chang,72,จ.สุพรรณบุรี,Changwat Suphan Buri,SP,1.276569368576746
1040,31B,ปานกลาง,ดินร่วนปนดินเหนียว,วังสะพุง,กรดปานกลางถึงเป็นกลาง,Ws,86,7203,03,อ.ด่านช้าง,Amphoe Dan Chang,72,จ.สุพรรณบุรี,Changwat Suphan Buri,SP,12.378170603475358
1041,31C,ปานกลาง,ดินร่วนปนดินเหนียว,วังสะพุง,กรดปานกลางถึงเป็นกลาง,Ws,86,7203,03,อ.ด่านช้าง,Amphoe Dan Chang,72,จ.สุพรรณบุรี,Changwat Suphan Buri,SP,7.180636401042275
1045,55B,ปานกลาง,ดินร่วนปนดินเหนียว,วังสะพุง,กรดปานกลางถึงเป็นกลาง,Ws,86,7203,03,อ.ด่านช้าง,Amphoe Dan Chang,72,จ.สุพรรณบุรี,Changwat Suphan Buri,SP,0.7465559795812563
1048,55C,ปานกลาง,ดินร่วนปนดินเหนียว,วังสะพุง,กรดปานกลางถึงเป็นกลาง,Ws,86,7203,03,อ.ด่านช้าง,Amphoe Dan Chang,72,จ.สุพรรณบุรี,Changwat Suphan Buri,SP,9.2773863751848
1050,55D,ปานกลาง,ดินร่วนปนดินเหนียว,วังสะพุง,กรดปานกลางถึงเป็นกลาง,Ws,86,7203,03,อ.ด่านช้าง,Amphoe Dan Chang,72,จ.สุพรรณบุรี,Changwat Suphan Buri,SP,1.201666648474022
145,18,ต่ำ,ดินร่วนเหนียวปนทราย,เดิมบาง,กรดจัดมากถึงกรดเล็กน้อย,Db,88,7202,02,อ.เดิมบางนางบวช,Amphoe Doem Bang Nang Buat,72,จ.สุพรรณบุรี,Changwat Suphan Buri,SP,19.582216607530107
150,40,ปานกลาง,ดินร่วนปนทราย,ดอนเจดีย์,กรดจัดถึงกรดเล็กน้อย,Dc,88,7202,02,อ.เดิมบางนางบวช,Amphoe Doem Bang Nang Buat,72,จ.สุพรรณบุรี,Changwat Suphan Buri,SP,11.036019904454964
361,36,ต่ำ,ดินร่วนปนทราย,เขาพลอง,กรดจัดถึงกรดเล็กน้อย,Kpg,88,7202,02,อ.เดิมบางนางบวช,Amphoe Doem Bang Nang Buat,72,จ.สุพรรณบุรี,Changwat Suphan Buri,SP,51.38922609617596
362,36b,ต่ำ,ดินร่วนปนทราย,เขาพลอง,กรดจัดถึงกรดเล็กน้อย,Kpg,88,7202,02,อ.เดิมบางนางบวช,Amphoe Doem Bang Nang Buat,72,จ.สุพรรณบุรี,Changwat Suphan Buri,SP,1.9847977464801958
366,40,ต่ำ,ดินร่วนปนทราย,เขาพลอง,กรดจัดมากถึงกรดเล็กน้อย,Kpg,88,7202,02,อ.เดิมบางนางบวช,Amphoe Doem Bang Nang Buat,72,จ.สุพรรณบุรี,Changwat Suphan Buri,SP,10.5047727788704
371,40B,ต่ำ,ดินร่วนปนทราย,เขาพลอง,กรดจัดถึงกรดเล็กน้อย,Kpg,88,7202,02,อ.เดิมบางนางบวช,Amphoe Doem Bang Nang Buat,72,จ.สุพรรณบุรี,Changwat Suphan Buri,SP,47.773276672544235
800,38Bs,ต่ำ,ดินทรายปนดินร่วน,ไทรงาม,กรดจัดถึงกรดเล็กน้อย,Sg,88,7202,02,อ.เดิมบางนางบวช,Amphoe Doem Bang Nang Buat,72,จ.สุพรรณบุรี,Changwat Suphan Buri,SP,8.36738641695801
120,33,ปานกลาง,ดินร่วนปนทรายแป้ง,เชียงใหม่,กรดจัดมากถึงเป็นกลาง,Cm,88,7202,02,อ.เดิมบางนางบวช,Amphoe Doem Bang Nang Buat,72,จ.สุพรรณบุรี,Changwat Suphan Buri,SP,33.34476525768952
121,4,ปานกลาง,ดินร่วนเหนียวปนทรายแป้ง,ชัยนาท,กรดจัดถึงกรดเล็กน้อย,Cn,88,7202,02,อ.เดิมบางนางบวช,Amphoe Doem Bang Nang Buat,72,จ.สุพรรณบุรี,Changwat Suphan Buri,SP,135.5749687855198
148,7,ต่ำ,ดินร่วนเหนียวปนทราย,เดิมบาง,กรดจัดมากถึงกรดเล็กน้อย,Db,88,7202,02,อ.เดิมบางนางบวช,Amphoe Doem Bang Nang Buat,72,จ.สุพรรณบุรี,Changwat Suphan Buri,SP,5.735442555961281
356,35b,ต่ำ,ดินร่วนปนทราย,เขาพลอง,กรดจัดถึงกรดเล็กน้อย,Kpg,88,7202,02,อ.เดิมบางนางบวช,Amphoe Doem Bang Nang Buat,72,จ.สุพรรณบุรี,Changwat Suphan Buri,SP,2.659279341468253
375,44B,ต่ำ,ดินทรายปนดินร่วน,เขาพลอง,กรดจัดถึงกรดเล็กน้อย,Kpg,88,7202,02,อ.เดิมบางนางบวช,Amphoe Doem Bang Nang Buat,72,จ.สุพรรณบุรี,Changwat Suphan Buri,SP,2.7536955741736118
535,5,ปานกลาง,ดินร่วนเหนียวปนทรายแป้ง,มโนรมย์,กรดจัดมากถึงกรดเล็กน้อย,Mn,88,7202,02,อ.เดิมบางนางบวช,Amphoe Doem Bang Nang Buat,72,จ.สุพรรณบุรี,Changwat Suphan Buri,SP,4.772676012957791
584,7,ปานกลาง,ดินเหนียวปนทรายแป้ง,นครปฐม,กรดปานกลางถึงเป็นกลาง,Np,88,7202,02,อ.เดิมบางนางบวช,Amphoe Doem Bang Nang Buat,72,จ.สุพรรณบุรี,Changwat Suphan Buri,SP,65.45325907593939
585,7,ปานกลาง,ดินร่วนเหนียวปนทรายแป้ง,นครปฐม,กรดปานกลางถึงเป็นกลาง,Np,88,7202,02,อ.เดิมบางนางบวช,Amphoe Doem Bang Nang Buat,72,จ.สุพรรณบุรี,Changwat Suphan Buri,SP,11.37213943711667
770,RL,nan,,ที่ดินเต็มไปด้วยก้อนหิน,,RL,88,7202,02,อ.เดิมบางนางบวช,Amphoe Doem Bang Nang Buat,72,จ.สุพรรณบุรี,Changwat Suphan Buri,SP,0.2905314935063253
782,21,ปานกลาง,ดินร่วนเหนียวปนทรายแป้ง,สรรพยา,กรดปานกลางถึงเป็นกลาง,Sa,88,7202,02,อ.เดิมบางนางบวช,Amphoe Doem Bang Nang Buat,72,จ.สุพรรณบุรี,Changwat Suphan Buri,SP,4.585031794363503
791,4,ปานกลาง,ดินเหนียวปนทรายแป้ง,สระบุรี,กรดจัดถึงกรดเล็กน้อย,Sb,88,7202,02,อ.เดิมบางนางบวช,Amphoe Doem Bang Nang Buat,72,จ.สุพรรณบุรี,Changwat Suphan Buri,SP,16.875314113791948
793,SC,nan,,พื้นที่ลาดชันเชิงซ้อน,,SC,88,7202,02,อ.เดิมบางนางบวช,Amphoe Doem Bang Nang Buat,72,จ.สุพรรณบุรี,Changwat Suphan Buri,SP,6.4318781845564885
805,4,ปานกลาง,ดินร่วนเหนียวปนทรายแป้ง,สิงห์บุรี,กรดจัดถึงกรดเล็กน้อย,Sin,88,7202,02,อ.เดิมบางนางบวช,Amphoe Doem Bang Nang Buat,72,จ.สุพรรณบุรี,Changwat Suphan Buri,SP,64.51192947291867
974,48B,ปานกลาง,ดินร่วนปนทราย,ท่ายาง,กรดจัดถึงกรดเล็กน้อย,Ty,88,7202,02,อ.เดิมบางนางบวช,Amphoe Doem Bang Nang Buat,72,จ.สุพรรณบุรี,Changwat Suphan Buri,SP,0.19680739656984692
990,48D,ปานกลาง,ดินร่วนปนทราย,ท่ายาง,กรดจัดถึงกรดเล็กน้อย,Ty,88,7202,02,อ.เดิมบางนางบวช,Amphoe Doem Bang Nang Buat,72,จ.สุพรรณบุรี,Changwat Suphan Buri,SP,0.05105347288435194
57,3,ปานกลาง,ดินเหนียว,บางเลน,กรดจัดถึงกรดเล็กน้อย,Bl,100,7204,04,อ.บางปลาม้า,Amphoe Bang Pa Ma,72,จ.สุพรรณบุรี,Changwat Suphan Buri,SP,10.810549476497439
798,11,ปานกลาง,ดินเหนียว,เสนา,กรดจัดมาก,Se,100,7204,04,อ.บางปลาม้า,Amphoe Bang Pa Ma,72,จ.สุพรรณบุรี,Changwat Suphan Buri,SP,184.49005880703868
13,2,ปานกลาง,ดินเหนียว,ชุดดินอยุธยา,กรดจัดมากึงกรดจัด,Ay,100,7204,04,อ.บางปลาม้า,Amphoe Bang Pa Ma,72,จ.สุพรรณบุรี,Changwat Suphan Buri,SP,244.14895847203826
62,3,ปานกลาง,ดินเหนียว,บางเขน,กรดจัดมากึงกรดจัด,Bn,100,7204,04,อ.บางปลาม้า,Amphoe Bang Pa Ma,72,จ.สุพรรณบุรี,Changwat Suphan Buri,SP,12.978701758059659
120,33,ปานกลาง,ดินร่วนปนทรายแป้ง,เชียงใหม่,กรดจัดมากถึงเป็นกลาง,Cm,100,7204,04,อ.บางปลาม้า,Amphoe Bang Pa Ma,72,จ.สุพรรณบุรี,Changwat Suphan Buri,SP,1.818539043970622
121,4,ปานกลาง,ดินร่วนเหนียวปนทรายแป้ง,ชัยนาท,กรดจัดถึงกรดเล็กน้อย,Cn,100,7204,04,อ.บางปลาม้า,Amphoe Bang Pa Ma,72,จ.สุพรรณบุรี,Changwat Suphan Buri,SP,38.144899377823734
122,4,ปานกลาง,ดินร่วนปนทรายแป้ง,ชัยนาท,กรดจัดถึงกรดเล็กน้อย,Cn,100,7204,04,อ.บางปลาม้า,Amphoe Bang Pa Ma,72,จ.สุพรรณบุรี,Changwat Suphan Buri,SP,2.6527586271707135
805,4,ปานกลาง,ดินร่วนเหนียวปนทรายแป้ง,สิงห์บุรี,กรดจัดถึงกรดเล็กน้อย,Sin,100,7204,04,อ.บางปลาม้า,Amphoe Bang Pa Ma,72,จ.สุพรรณบุรี,Changwat Suphan Buri,SP,2.082657764062104
57,3,ปานกลาง,ดินเหนียว,บางเลน,กรดจัดถึงกรดเล็กน้อย,Bl,97,7201,01,อ.เมืองสุพรรณบุรี,Amphoe Muang Saphan Buri,72,จ.สุพรรณบุรี,Changwat Suphan Buri,SP,31.312731469170995
798,11,ปานกลาง,ดินเหนียว,เสนา,กรดจัดมาก,Se,97,7201,01,อ.เมืองสุพรรณบุรี,Amphoe Muang Saphan Buri,72,จ.สุพรรณบุรี,Changwat Suphan Buri,SP,12.45751412872195
13,2,ปานกลาง,ดินเหนียว,ชุดดินอยุธยา,กรดจัดมากึงกรดจัด,Ay,97,7201,01,อ.เมืองสุพรรณบุรี,Amphoe Muang Saphan Buri,72,จ.สุพรรณบุรี,Changwat Suphan Buri,SP,74.40961000061364
61,1,ปานกลาง,ดินร่วนปนดินเหนียว,บ้านหมี่,กรดจัดถึงกรดเล็กน้อย,Bm,97,7201,01,อ.เมืองสุพรรณบุรี,Amphoe Muang Saphan Buri,72,จ.สุพรรณบุรี,Changwat Suphan Buri,SP,14.090034157251322
62,3,ปานกลาง,ดินเหนียว,บางเขน,กรดจัดมากึงกรดจัด,Bn,97,7201,01,อ.เมืองสุพรรณบุรี,Amphoe Muang Saphan Buri,72,จ.สุพรรณบุรี,Changwat Suphan Buri,SP,11.253673188519572
120,33,ปานกลาง,ดินร่วนปนทรายแป้ง,เชียงใหม่,กรดจัดมากถึงเป็นกลาง,Cm,97,7201,01,อ.เมืองสุพรรณบุรี,Amphoe Muang Saphan Buri,72,จ.สุพรรณบุรี,Changwat Suphan Buri,SP,9.333418734308964
121,4,ปานกลาง,ดินร่วนเหนียวปนทรายแป้ง,ชัยนาท,กรดจัดถึงกรดเล็กน้อย,Cn,97,7201,01,อ.เมืองสุพรรณบุรี,Amphoe Muang Saphan Buri,72,จ.สุพรรณบุรี,Changwat Suphan Buri,SP,101.38143424744499
122,4,ปานกลาง,ดินร่วนปนทรายแป้ง,ชัยนาท,กรดจัดถึงกรดเล็กน้อย,Cn,97,7201,01,อ.เมืองสุพรรณบุรี,Amphoe Muang Saphan Buri,72,จ.สุพรรณบุรี,Changwat Suphan Buri,SP,33.30505579489406
145,18,ต่ำ,ดินร่วนเหนียวปนทราย,เดิมบาง,กรดจัดมากถึงกรดเล็กน้อย,Db,97,7201,01,อ.เมืองสุพรรณบุรี,Amphoe Muang Saphan Buri,72,จ.สุพรรณบุรี,Changwat Suphan Buri,SP,11.237429037277433
148,7,ต่ำ,ดินร่วนเหนียวปนทราย,เดิมบาง,กรดจัดมากถึงกรดเล็กน้อย,Db,97,7201,01,อ.เมืองสุพรรณบุรี,Amphoe Muang Saphan Buri,72,จ.สุพรรณบุรี,Changwat Suphan Buri,SP,41.552980403613496
149,36,ปานกลาง,ดินร่วนปนทราย,ดอนเจดีย์,กรดจัดถึงกรดเล็กน้อย,Dc,97,7201,01,อ.เมืองสุพรรณบุรี,Amphoe Muang Saphan Buri,72,จ.สุพรรณบุรี,Changwat Suphan Buri,SP,10.560400780972943
150,40,ปานกลาง,ดินร่วนปนทราย,ดอนเจดีย์,กรดจัดถึงกรดเล็กน้อย,Dc,97,7201,01,อ.เมืองสุพรรณบุรี,Amphoe Muang Saphan Buri,72,จ.สุพรรณบุรี,Changwat Suphan Buri,SP,3.2389815672206295
298,1,ปานกลาง,ดินเหนียว,โคกกระเทียม,กรดจัดถึงกรดเล็กน้อย,Kk,97,7201,01,อ.เมืองสุพรรณบุรี,Amphoe Muang Saphan Buri,72,จ.สุพรรณบุรี,Changwat Suphan Buri,SP,0.21985470678345995
582,7,ปานกลาง,ดินเหนียว,นครปฐม,กรดปานกลางถึงเป็นกลาง,Np,97,7201,01,อ.เมืองสุพรรณบุรี,Amphoe Muang Saphan Buri,72,จ.สุพรรณบุรี,Changwat Suphan Buri,SP,7.205138444244664
783,21,ปานกลาง,ดินร่วนปนทรายแป้ง,สรรพยา,กรดปานกลางถึงเป็นกลาง,Sa,97,7201,01,อ.เมืองสุพรรณบุรี,Amphoe Muang Saphan Buri,72,จ.สุพรรณบุรี,Changwat Suphan Buri,SP,5.780827909462016
799,11,ปานกลาง,ดินเหนียวปนทรายแป้ง,เสนา,กรดจัดมาก,Se,97,7201,01,อ.เมืองสุพรรณบุรี,Amphoe Muang Saphan Buri,72,จ.สุพรรณบุรี,Changwat Suphan Buri,SP,3.267584561121652
805,4,ปานกลาง,ดินร่วนเหนียวปนทรายแป้ง,สิงห์บุรี,กรดจัดถึงกรดเล็กน้อย,Sin,97,7201,01,อ.เมืองสุพรรณบุรี,Amphoe Muang Saphan Buri,72,จ.สุพรรณบุรี,Changwat Suphan Buri,SP,115.53170840600097
120,33,ปานกลาง,ดินร่วนปนทรายแป้ง,เชียงใหม่,กรดจัดมากถึงเป็นกลาง,Cm,93,7205,05,อ.ศรีประจันต์,Amphoe Si Prachan,72,จ.สุพรรณบุรี,Changwat Suphan Buri,SP,15.217728417938922
121,4,ปานกลาง,ดินร่วนเหนียวปนทรายแป้ง,ชัยนาท,กรดจัดถึงกรดเล็กน้อย,Cn,93,7205,05,อ.ศรีประจันต์,Amphoe Si Prachan,72,จ.สุพรรณบุรี,Changwat Suphan Buri,SP,106.66654674031523
122,4,ปานกลาง,ดินร่วนปนทรายแป้ง,ชัยนาท,กรดจัดถึงกรดเล็กน้อย,Cn,93,7205,05,อ.ศรีประจันต์,Amphoe Si Prachan,72,จ.สุพรรณบุรี,Changwat Suphan Buri,SP,26.04207067472606
383,33b,ปานกลาง,ดินร่วนเหนียวปนทรายแป้ง,กำแพงแสน,กรดจัดถึงกรดเล็กน้อย,Ks,93,7205,05,อ.ศรีประจันต์,Amphoe Si Prachan,72,จ.สุพรรณบุรี,Changwat Suphan Buri,SP,23.8587477966524
585,7,ปานกลาง,ดินร่วนเหนียวปนทรายแป้ง,นครปฐม,กรดปานกลางถึงเป็นกลาง,Np,93,7205,05,อ.ศรีประจันต์,Amphoe Si Prachan,72,จ.สุพรรณบุรี,Changwat Suphan Buri,SP,26.11621929844691
805,4,ปานกลาง,ดินร่วนเหนียวปนทรายแป้ง,สิงห์บุรี,กรดจัดถึงกรดเล็กน้อย,Sin,93,7205,05,อ.ศรีประจันต์,Amphoe Si Prachan,72,จ.สุพรรณบุรี,Changwat Suphan Buri,SP,50.349722031304125
379,33,ปานกลาง,ดินร่วนเหนียวปนทรายแป้ง,กำแพงแสน,กรดจัดถึงกรดเล็กน้อย,Ks,93,7205,05,อ.ศรีประจันต์,Amphoe Si Prachan,72,จ.สุพรรณบุรี,Changwat Suphan Buri,SP,12.482694185753958
380,33,ปานกลาง,ดินร่วนปนทรายแป้ง,กำแพงแสน,กรดจัดถึงกรดเล็กน้อย,Ks,93,7205,05,อ.ศรีประจันต์,Amphoe Si Prachan,72,จ.สุพรรณบุรี,Changwat Suphan Buri,SP,7.930466851750145
582,7,ปานกลาง,ดินเหนียว,นครปฐม,กรดปานกลางถึงเป็นกลาง,Np,93,7205,05,อ.ศรีประจันต์,Amphoe Si Prachan,72,จ.สุพรรณบุรี,Changwat Suphan Buri,SP,8.23616315017867
791,4,ปานกลาง,ดินเหนียวปนทรายแป้ง,สระบุรี,กรดจัดถึงกรดเล็กน้อย,Sb,93,7205,05,อ.ศรีประจันต์,Amphoe Si Prachan,72,จ.สุพรรณบุรี,Changwat Suphan Buri,SP,0.9580009189213049
378,33,ปานกลาง,ดินร่วน,กำแพงแสน,กรดจัดถึงกรดเล็กน้อย,Ks,104,7207,07,อ.สองพี่น้อง,Amphoe Song Phi Nong,72,จ.สุพรรณบุรี,Changwat Suphan Buri,SP,3.135988222802071
379,33,ปานกลาง,ดินร่วนเหนียวปนทรายแป้ง,กำแพงแสน,กรดจัดถึงกรดเล็กน้อย,Ks,104,7207,07,อ.สองพี่น้อง,Amphoe Song Phi Nong,72,จ.สุพรรณบุรี,Changwat Suphan Buri,SP,286.0503661222576
535,5,ปานกลาง,ดินร่วนเหนียวปนทรายแป้ง,มโนรมย์,กรดจัดมากถึงกรดเล็กน้อย,Mn,104,7207,07,อ.สองพี่น้อง,Amphoe Song Phi Nong,72,จ.สุพรรณบุรี,Changwat Suphan Buri,SP,1.698147852973846
792,4,ปานกลาง,ดินร่วนเหนียวปนทรายแป้ง,สระบุรี,กรดจัดถึงกรดเล็กน้อย,Sb,104,7207,07,อ.สองพี่น้อง,Amphoe Song Phi Nong,72,จ.สุพรรณบุรี,Changwat Suphan Buri,SP,5.654961480354028
793,SC,nan,,พื้นที่ลาดชันเชิงซ้อน,,SC,104,7207,07,อ.สองพี่น้อง,Amphoe Song Phi Nong,72,จ.สุพรรณบุรี,Changwat Suphan Buri,SP,0.47447230066240836
13,2,ปานกลาง,ดินเหนียว,ชุดดินอยุธยา,กรดจัดมากึงกรดจัด,Ay,104,7207,07,อ.สองพี่น้อง,Amphoe Song Phi Nong,72,จ.สุพรรณบุรี,Changwat Suphan Buri,SP,120.55737398753656
62,3,ปานกลาง,ดินเหนียว,บางเขน,กรดจัดมากึงกรดจัด,Bn,104,7207,07,อ.สองพี่น้อง,Amphoe Song Phi Nong,72,จ.สุพรรณบุรี,Changwat Suphan Buri,SP,12.000156583500518
383,33b,ปานกลาง,ดินร่วนเหนียวปนทรายแป้ง,กำแพงแสน,กรดจัดถึงกรดเล็กน้อย,Ks,104,7207,07,อ.สองพี่น้อง,Amphoe Song Phi Nong,72,จ.สุพรรณบุรี,Changwat Suphan Buri,SP,11.181257554997927
585,7,ปานกลาง,ดินร่วนเหนียวปนทรายแป้ง,นครปฐม,กรดปานกลางถึงเป็นกลาง,Np,104,7207,07,อ.สองพี่น้อง,Amphoe Song Phi Nong,72,จ.สุพรรณบุรี,Changwat Suphan Buri,SP,3.612370056179234
791,4,ปานกลาง,ดินเหนียวปนทรายแป้ง,สระบุรี,กรดจัดถึงกรดเล็กน้อย,Sb,104,7207,07,อ.สองพี่น้อง,Amphoe Song Phi Nong,72,จ.สุพรรณบุรี,Changwat Suphan Buri,SP,37.39673517924583
798,11,ปานกลาง,ดินเหนียว,เสนา,กรดจัดมาก,Se,104,7207,07,อ.สองพี่น้อง,Amphoe Song Phi Nong,72,จ.สุพรรณบุรี,Changwat Suphan Buri,SP,239.33145500859177
61,1,ปานกลาง,ดินร่วนปนดินเหนียว,บ้านหมี่,กรดจัดถึงกรดเล็กน้อย,Bm,90,7208,08,อ.สามชุก,Amphoe Sam Chuk,72,จ.สุพรรณบุรี,Changwat Suphan Buri,SP,2.803011445432163
120,33,ปานกลาง,ดินร่วนปนทรายแป้ง,เชียงใหม่,กรดจัดมากถึงเป็นกลาง,Cm,90,7208,08,อ.สามชุก,Amphoe Sam Chuk,72,จ.สุพรรณบุรี,Changwat Suphan Buri,SP,18.467057613675685
121,4,ปานกลาง,ดินร่วนเหนียวปนทรายแป้ง,ชัยนาท,กรดจัดถึงกรดเล็กน้อย,Cn,90,7208,08,อ.สามชุก,Amphoe Sam Chuk,72,จ.สุพรรณบุรี,Changwat Suphan Buri,SP,110.26903142803461
122,4,ปานกลาง,ดินร่วนปนทรายแป้ง,ชัยนาท,กรดจัดถึงกรดเล็กน้อย,Cn,90,7208,08,อ.สามชุก,Amphoe Sam Chuk,72,จ.สุพรรณบุรี,Changwat Suphan Buri,SP,13.488494505766917
148,7,ต่ำ,ดินร่วนเหนียวปนทราย,เดิมบาง,กรดจัดมากถึงกรดเล็กน้อย,Db,90,7208,08,อ.สามชุก,Amphoe Sam Chuk,72,จ.สุพรรณบุรี,Changwat Suphan Buri,SP,50.958595305089965
149,36,ปานกลาง,ดินร่วนปนทราย,ดอนเจดีย์,กรดจัดถึงกรดเล็กน้อย,Dc,90,7208,08,อ.สามชุก,Amphoe Sam Chuk,72,จ.สุพรรณบุรี,Changwat Suphan Buri,SP,44.08486361057419
379,33,ปานกลาง,ดินร่วนเหนียวปนทรายแป้ง,กำแพงแสน,กรดจัดถึงกรดเล็กน้อย,Ks,90,7208,08,อ.สามชุก,Amphoe Sam Chuk,72,จ.สุพรรณบุรี,Changwat Suphan Buri,SP,2.1477855868290714
380,33,ปานกลาง,ดินร่วนปนทรายแป้ง,กำแพงแสน,กรดจัดถึงกรดเล็กน้อย,Ks,90,7208,08,อ.สามชุก,Amphoe Sam Chuk,72,จ.สุพรรณบุรี,Changwat Suphan Buri,SP,0.18253042700205935
383,33b,ปานกลาง,ดินร่วนเหนียวปนทรายแป้ง,กำแพงแสน,กรดจัดถึงกรดเล็กน้อย,Ks,90,7208,08,อ.สามชุก,Amphoe Sam Chuk,72,จ.สุพรรณบุรี,Changwat Suphan Buri,SP,3.717310613814265
582,7,ปานกลาง,ดินเหนียว,นครปฐม,กรดปานกลางถึงเป็นกลาง,Np,90,7208,08,อ.สามชุก,Amphoe Sam Chuk,72,จ.สุพรรณบุรี,Changwat Suphan Buri,SP,0.44583997790076946
584,7,ปานกลาง,ดินเหนียวปนทรายแป้ง,นครปฐม,กรดปานกลางถึงเป็นกลาง,Np,90,7208,08,อ.สามชุก,Amphoe Sam Chuk,72,จ.สุพรรณบุรี,Changwat Suphan Buri,SP,36.20581563864424
585,7,ปานกลาง,ดินร่วนเหนียวปนทรายแป้ง,นครปฐม,กรดปานกลางถึงเป็นกลาง,Np,90,7208,08,อ.สามชุก,Amphoe Sam Chuk,72,จ.สุพรรณบุรี,Changwat Suphan Buri,SP,10.997817793827814
791,4,ปานกลาง,ดินเหนียวปนทรายแป้ง,สระบุรี,กรดจัดถึงกรดเล็กน้อย,Sb,90,7208,08,อ.สามชุก,Amphoe Sam Chuk,72,จ.สุพรรณบุรี,Changwat Suphan Buri,SP,4.9245404148565814
805,4,ปานกลาง,ดินร่วนเหนียวปนทรายแป้ง,สิงห์บุรี,กรดจัดถึงกรดเล็กน้อย,Sin,90,7208,08,อ.สามชุก,Amphoe Sam Chuk,72,จ.สุพรรณบุรี,Changwat Suphan Buri,SP,0.32442185111821686
145,18,ต่ำ,ดินร่วนเหนียวปนทราย,เดิมบาง,กรดจัดมากถึงกรดเล็กน้อย,Db,89,7210,10,อ.หนองหญ้าไซ,Amphoe Nong Ya Sai,72,จ.สุพรรณบุรี,Changwat Suphan Buri,SP,173.83510646785925
150,40,ปานกลาง,ดินร่วนปนทราย,ดอนเจดีย์,กรดจัดถึงกรดเล็กน้อย,Dc,89,7210,10,อ.หนองหญ้าไซ,Amphoe Nong Ya Sai,72,จ.สุพรรณบุรี,Changwat Suphan Buri,SP,49.52657126225548
167,33B,ปานกลาง,ดินร่วนปนทรายแป้ง,ดงยางเอน,กรดปานกลางถึงเป็นกลาง,Don,89,7210,10,อ.หนองหญ้าไซ,Amphoe Nong Ya Sai,72,จ.สุพรรณบุรี,Changwat Suphan Buri,SP,0.6775669574113875
363,36B,ต่ำ,ดินร่วนปนทราย,เขาพลอง,กรดจัดถึงกรดเล็กน้อย,Kpg,89,7210,10,อ.หนองหญ้าไซ,Amphoe Nong Ya Sai,72,จ.สุพรรณบุรี,Changwat Suphan Buri,SP,10.209102835966894
371,40B,ต่ำ,ดินร่วนปนทราย,เขาพลอง,กรดจัดถึงกรดเล็กน้อย,Kpg,89,7210,10,อ.หนองหญ้าไซ,Amphoe Nong Ya Sai,72,จ.สุพรรณบุรี,Changwat Suphan Buri,SP,7.28900340426383
535,5,ปานกลาง,ดินร่วนเหนียวปนทรายแป้ง,มโนรมย์,กรดจัดมากถึงกรดเล็กน้อย,Mn,89,7210,10,อ.หนองหญ้าไซ,Amphoe Nong Ya Sai,72,จ.สุพรรณบุรี,Changwat Suphan Buri,SP,100.60359370800053
800,38Bs,ต่ำ,ดินทรายปนดินร่วน,ไทรงาม,กรดจัดถึงกรดเล็กน้อย,Sg,89,7210,10,อ.หนองหญ้าไซ,Amphoe Nong Ya Sai,72,จ.สุพรรณบุรี,Changwat Suphan Buri,SP,23.151389626830245
148,7,ต่ำ,ดินร่วนเหนียวปนทราย,เดิมบาง,กรดจัดมากถึงกรดเล็กน้อย,Db,89,7210,10,อ.หนองหญ้าไซ,Amphoe Nong Ya Sai,72,จ.สุพรรณบุรี,Changwat Suphan Buri,SP,49.87069654055421
149,36,ปานกลาง,ดินร่วนปนทราย,ดอนเจดีย์,กรดจัดถึงกรดเล็กน้อย,Dc,89,7210,10,อ.หนองหญ้าไซ,Amphoe Nong Ya Sai,72,จ.สุพรรณบุรี,Changwat Suphan Buri,SP,0.6412141595032537
584,7,ปานกลาง,ดินเหนียวปนทรายแป้ง,นครปฐม,กรดปานกลางถึงเป็นกลาง,Np,89,7210,10,อ.หนองหญ้าไซ,Amphoe Nong Ya Sai,72,จ.สุพรรณบุรี,Changwat Suphan Buri,SP,13.745832022950491
107,46B,ต่ำ,ดินร่วนปนดินเหนียวปนกรวด,เชียงคาน,กรดเล็กน้อยถึงเป็นกลาง,Ch,96,7209,09,อ.อู่ทอง,Amphoe U Thong,72,จ.สุพรรณบุรี,Changwat Suphan Buri,SP,3.9408485832232656
148,7,ต่ำ,ดินร่วนเหนียวปนทราย,เดิมบาง,กรดจัดมากถึงกรดเล็กน้อย,Db,96,7209,09,อ.อู่ทอง,Amphoe U Thong,72,จ.สุพรรณบุรี,Changwat Suphan Buri,SP,66.14507522219381
167,33B,ปานกลาง,ดินร่วนปนทรายแป้ง,ดงยางเอน,กรดปานกลางถึงเป็นกลาง,Don,96,7209,09,อ.อู่ทอง,Amphoe U Thong,72,จ.สุพรรณบุรี,Changwat Suphan Buri,SP,42.36222824681888
220,47C,ปานกลาง,ดินร่วนปนดินเหนียว,หินซ้อน,กรดเล็กน้อยถึงด่างปานกลาง,Hs,96,7209,09,อ.อู่ทอง,Amphoe U Thong,72,จ.สุพรรณบุรี,Changwat Suphan Buri,SP,0.621237633197271
298,1,ปานกลาง,ดินเหนียว,โคกกระเทียม,กรดจัดถึงกรดเล็กน้อย,Kk,96,7209,09,อ.อู่ทอง,Amphoe U Thong,72,จ.สุพรรณบุรี,Changwat Suphan Buri,SP,19.900757423565192
315,31,ปานกลาง,ดินร่วนปนดินเหนียว,กลางดง,กรดจัดถึงกรดเล็กน้อย,Kld,96,7209,09,อ.อู่ทอง,Amphoe U Thong,72,จ.สุพรรณบุรี,Changwat Suphan Buri,SP,32.11259006722702
375,44B,ต่ำ,ดินทรายปนดินร่วน,เขาพลอง,กรดจัดถึงกรดเล็กน้อย,Kpg,96,7209,09,อ.อู่ทอง,Amphoe U Thong,72,จ.สุพรรณบุรี,Changwat Suphan Buri,SP,0.5454365437048743
378,33,ปานกลาง,ดินร่วน,กำแพงแสน,กรดจัดถึงกรดเล็กน้อย,Ks,96,7209,09,อ.อู่ทอง,Amphoe U Thong,72,จ.สุพรรณบุรี,Changwat Suphan Buri,SP,1.6621073340761863
379,33,ปานกลาง,ดินร่วนเหนียวปนทรายแป้ง,กำแพงแสน,กรดจัดถึงกรดเล็กน้อย,Ks,96,7209,09,อ.อู่ทอง,Amphoe U Thong,72,จ.สุพรรณบุรี,Changwat Suphan Buri,SP,71.03240663406697
401,28,สูง,ดินร่วนปนดินเหนียว,ลพบุรี,กรดเล็กน้อยถึงด่างปานกลาง,Lb,96,7209,09,อ.อู่ทอง,Amphoe U Thong,72,จ.สุพรรณบุรี,Changwat Suphan Buri,SP,19.052536391729408
404,28B,สูง,ดินร่วนปนดินเหนียว,ลพบุรี,กรดเล็กน้อยถึงด่างปานกลาง,Lb,96,7209,09,อ.อู่ทอง,Amphoe U Thong,72,จ.สุพรรณบุรี,Changwat Suphan Buri,SP,2.6053357041279908
514,47B,ปานกลาง,ดินร่วนปนดินเหนียว,มวกเหล็ก,กรดเล็กน้อยถึงเป็นกลาง,Ml,96,7209,09,อ.อู่ทอง,Amphoe U Thong,72,จ.สุพรรณบุรี,Changwat Suphan Buri,SP,4.2075412472849925
516,47C,ปานกลาง,ดินร่วนปนดินเหนียว,มวกเหล็ก,กรดเล็กน้อยถึงเป็นกลาง,Ml,96,7209,09,อ.อู่ทอง,Amphoe U Thong,72,จ.สุพรรณบุรี,Changwat Suphan Buri,SP,1.8811191387685633
517,47C,ปานกลาง,ดินร่วนปนดินเหนียวปนกรวด,มวกเหล็ก,กรดเล็กน้อยถึงเป็นกลาง,Ml,96,7209,09,อ.อู่ทอง,Amphoe U Thong,72,จ.สุพรรณบุรี,Changwat Suphan Buri,SP,0.2920266878890997
584,7,ปานกลาง,ดินเหนียวปนทรายแป้ง,นครปฐม,กรดปานกลางถึงเป็นกลาง,Np,96,7209,09,อ.อู่ทอง,Amphoe U Thong,72,จ.สุพรรณบุรี,Changwat Suphan Buri,SP,6.475757783410694
697,36,ต่ำ,ดินร่วนปนทราย,ปราณบุรี,กรดจัดถึงกรดเล็กน้อย,Pr,96,7209,09,อ.อู่ทอง,Amphoe U Thong,72,จ.สุพรรณบุรี,Changwat Suphan Buri,SP,2.2396331692988936
770,RL,nan,,ที่ดินเต็มไปด้วยก้อนหิน,,RL,96,7209,09,อ.อู่ทอง,Amphoe U Thong,72,จ.สุพรรณบุรี,Changwat Suphan Buri,SP,9.567904399477374
793,SC,nan,,พื้นที่ลาดชันเชิงซ้อน,,SC,96,7209,09,อ.อู่ทอง,Amphoe U Thong,72,จ.สุพรรณบุรี,Changwat Suphan Buri,SP,38.536178559566935
901,52B,สูง,ดินร่วนปนดินเหนียว,ตาคลี,เป็นกลางถึงด่างปานกลาง,Tk,96,7209,09,อ.อู่ทอง,Amphoe U Thong,72,จ.สุพรรณบุรี,Changwat Suphan Buri,SP,7.237064040825709
1040,31B,ปานกลาง,ดินร่วนปนดินเหนียว,วังสะพุง,กรดปานกลางถึงเป็นกลาง,Ws,96,7209,09,อ.อู่ทอง,Amphoe U Thong,72,จ.สุพรรณบุรี,Changwat Suphan Buri,SP,23.394949832479064
1041,31C,ปานกลาง,ดินร่วนปนดินเหนียว,วังสะพุง,กรดปานกลางถึงเป็นกลาง,Ws,96,7209,09,อ.อู่ทอง,Amphoe U Thong,72,จ.สุพรรณบุรี,Changwat Suphan Buri,SP,24.402165035981373
1045,55B,ปานกลาง,ดินร่วนปนดินเหนียว,วังสะพุง,กรดปานกลางถึงเป็นกลาง,Ws,96,7209,09,อ.อู่ทอง,Amphoe U Thong,72,จ.สุพรรณบุรี,Changwat Suphan Buri,SP,4.311299173073721
13,2,ปานกลาง,ดินเหนียว,ชุดดินอยุธยา,กรดจัดมากึงกรดจัด,Ay,96,7209,09,อ.อู่ทอง,Amphoe U Thong,72,จ.สุพรรณบุรี,Changwat Suphan Buri,SP,58.59254480580829
57,3,ปานกลาง,ดินเหนียว,บางเลน,กรดจัดถึงกรดเล็กน้อย,Bl,96,7209,09,อ.อู่ทอง,Amphoe U Thong,72,จ.สุพรรณบุรี,Changwat Suphan Buri,SP,2.2252744482614153
61,1,ปานกลาง,ดินร่วนปนดินเหนียว,บ้านหมี่,กรดจัดถึงกรดเล็กน้อย,Bm,96,7209,09,อ.อู่ทอง,Amphoe U Thong,72,จ.สุพรรณบุรี,Changwat Suphan Buri,SP,15.491894056358266
62,3,ปานกลาง,ดินเหนียว,บางเขน,กรดจัดมากึงกรดจัด,Bn,96,7209,09,อ.อู่ทอง,Amphoe U Thong,72,จ.สุพรรณบุรี,Changwat Suphan Buri,SP,25.848553260160823
121,4,ปานกลาง,ดินร่วนเหนียวปนทรายแป้ง,ชัยนาท,กรดจัดถึงกรดเล็กน้อย,Cn,96,7209,09,อ.อู่ทอง,Amphoe U Thong,72,จ.สุพรรณบุรี,Changwat Suphan Buri,SP,0.7301100093550494
122,4,ปานกลาง,ดินร่วนปนทรายแป้ง,ชัยนาท,กรดจัดถึงกรดเล็กน้อย,Cn,96,7209,09,อ.อู่ทอง,Amphoe U Thong,72,จ.สุพรรณบุรี,Changwat Suphan Buri,SP,0.06858889986811934
145,18,ต่ำ,ดินร่วนเหนียวปนทราย,เดิมบาง,กรดจัดมากถึงกรดเล็กน้อย,Db,96,7209,09,อ.อู่ทอง,Amphoe U Thong,72,จ.สุพรรณบุรี,Changwat Suphan Buri,SP,18.405168312533444
150,40,ปานกลาง,ดินร่วนปนทราย,ดอนเจดีย์,กรดจัดถึงกรดเล็กน้อย,Dc,96,7209,09,อ.อู่ทอง,Amphoe U Thong,72,จ.สุพรรณบุรี,Changwat Suphan Buri,SP,1.1668219883791284
383,33b,ปานกลาง,ดินร่วนเหนียวปนทรายแป้ง,กำแพงแสน,กรดจัดถึงกรดเล็กน้อย,Ks,96,7209,09,อ.อู่ทอง,Amphoe U Thong,72,จ.สุพรรณบุรี,Changwat Suphan Buri,SP,19.939631252420952
402,28b,สูง,ดินเหนียว,ลพบุรี,กรดเล็กน้อยถึงด่างปานกลาง,Lb,96,7209,09,อ.อู่ทอง,Amphoe U Thong,72,จ.สุพรรณบุรี,Changwat Suphan Buri,SP,15.949882629194894
585,7,ปานกลาง,ดินร่วนเหนียวปนทรายแป้ง,นครปฐม,กรดปานกลางถึงเป็นกลาง,Np,96,7209,09,อ.อู่ทอง,Amphoe U Thong,72,จ.สุพรรณบุรี,Changwat Suphan Buri,SP,7.365683300180321
791,4,ปานกลาง,ดินเหนียวปนทรายแป้ง,สระบุรี,กรดจัดถึงกรดเล็กน้อย,Sb,96,7209,09,อ.อู่ทอง,Amphoe U Thong,72,จ.สุพรรณบุรี,Changwat Suphan Buri,SP,40.03088268727442
798,11,ปานกลาง,ดินเหนียว,เสนา,กรดจัดมาก,Se,96,7209,09,อ.อู่ทอง,Amphoe U Thong,72,จ.สุพรรณบุรี,Changwat Suphan Buri,SP,12.930127499242706
799,11,ปานกลาง,ดินเหนียวปนทรายแป้ง,เสนา,กรดจัดมาก,Se,96,7209,09,อ.อู่ทอง,Amphoe U Thong,72,จ.สุพรรณบุรี,Changwat Suphan Buri,SP,5.772545687951968
896,52,สูง,ดินร่วนปนดินเหนียว,ตาคลี,เป็นกลางถึงด่างปานกลาง,Tk,96,7209,09,อ.อู่ทอง,Amphoe U Thong,72,จ.สุพรรณบุรี,Changwat Suphan Buri,SP,35.4639065480662
