ADM1_EN,ADM1_TH,ADM1_PCODE,ADM0_EN,ADM0_TH,ADM0_PCODE,REGION6,REGION4,DEST
Bangkok,กรุงเทพมหานคร,TH10,Thailand,ประเทศไทย,TH,ภาคกลาง,ภาคกลาง,เมืองหลัก
Bangkok,กรุงเทพมหานคร,TH10,Thailand,ประเทศไทย,TH,ภาคกลาง,ภาคกลาง,เมืองหลัก
Bangkok,กรุงเทพมหานคร,TH10,Thailand,ประเทศไทย,TH,ภาคกลาง,ภาคกลาง,เมืองหลัก
Bangkok,กรุงเทพมหานคร,TH10,Thailand,ประเทศไทย,TH,ภาคกลาง,ภาคกลาง,เมืองหลัก
Bangkok,กรุงเทพมหานคร,TH10,Thailand,ประเทศไทย,TH,ภาคกลาง,ภาคกลาง,เมืองหลัก
Bangkok,กรุงเทพมหานคร,TH10,Thailand,ประเทศไทย,TH,ภาคกลาง,ภาคกลาง,เมืองหลัก
Bangkok,กรุงเทพมหานคร,TH10,Thailand,ประเทศไทย,TH,ภาคกลาง,ภาคกลาง,เมืองหลัก
Bangkok,กรุงเทพมหานคร,TH10,Thailand,ประเทศไทย,TH,ภาคกลาง,ภาคกลาง,เมืองหลัก
Bangkok,กรุงเทพมหานคร,TH10,Thailand,ประเทศไทย,TH,ภาคกลาง,ภาคกลาง,เมืองหลัก
Bangkok,กรุงเทพมหานคร,TH10,Thailand,ประเทศไทย,TH,ภาคกลาง,ภาคกลาง,เมืองหลัก
Bangkok,กรุงเทพมหานคร,TH10,Thailand,ประเทศไทย,TH,ภาคกลาง,ภาคกลาง,เมืองหลัก
Bangkok,กรุงเทพมหานคร,TH10,Thailand,ประเทศไทย,TH,ภาคกลาง,ภาคกลาง,เมืองหลัก
Bangkok,กรุงเทพมหานคร,TH10,Thailand,ประเทศไทย,TH,ภาคกลาง,ภาคกลาง,เมืองหลัก
Bangkok,กรุงเทพมหานคร,TH10,Thailand,ประเทศไทย,TH,ภาคกลาง,ภาคกลาง,เมืองหลัก
Bangkok,กรุงเทพมหานคร,TH10,Thailand,ประเทศไทย,TH,ภาคกลาง,ภาคกลาง,เมืองหลัก
Bangkok,กรุงเทพมหานคร,TH10,Thailand,ประเทศไทย,TH,ภาคกลาง,ภาคกลาง,เมืองหลัก
Bangkok,กรุงเทพมหานคร,TH10,Thailand,ประเทศไทย,TH,ภาคกลาง,ภาคกลาง,เมืองหลัก
Bangkok,กรุงเทพมหานคร,TH10,Thailand,ประเทศไทย,TH,ภาคกลาง,ภาคกลาง,เมืองหลัก
Bangkok,กรุงเทพมหานคร,TH10,Thailand,ประเทศไทย,TH,ภาคกลาง,ภาคกลาง,เมืองหลัก
Bangkok,กรุงเทพมหานคร,TH10,Thailand,ประเทศไทย,TH,ภาคกลาง,ภาคกลาง,เมืองหลัก
Bangkok,กรุงเทพมหานคร,TH10,Thailand,ประเทศไทย,TH,ภาคกลาง,ภาคกลาง,เมืองหลัก
Bangkok,กรุงเทพมหานคร,TH10,Thailand,ประเทศไทย,TH,ภาคกลาง,ภาคกลาง,เมืองหลัก
Bangkok,กรุงเทพมหานคร,TH10,Thailand,ประเทศไทย,TH,ภาคกลาง,ภาคกลาง,เมืองหลัก
Bangkok,กรุงเทพมหานคร,TH10,Thailand,ประเทศไทย,TH,ภาคกลาง,ภาคกลาง,เมืองหลัก
Bangkok,กรุงเทพมหานคร,TH10,Thailand,ประเทศไทย,TH,ภาคกลาง,ภาคกลาง,เมืองหลัก
Bangkok,กรุงเทพมหานคร,TH10,Thailand,ประเทศไทย,TH,ภาคกลาง,ภาคกลาง,เมืองหลัก
Bangkok,กรุงเทพมหานคร,TH10,Thailand,ประเทศไทย,TH,ภาคกลาง,ภาคกลาง,เมืองหลัก
Bangkok,กรุงเทพมหานคร,TH10,Thailand,ประเทศไทย,TH,ภาคกลาง,ภาคกลาง,เมืองหลัก
Bangkok,กรุงเทพมหานคร,TH10,Thailand,ประเทศไทย,TH,ภาคกลาง,ภาคกลาง,เมืองหลัก
Bangkok,กรุงเทพมหานคร,TH10,Thailand,ประเทศไทย,TH,ภาคกลาง,ภาคกลาง,เมืองหลัก
Bangkok,กรุงเทพมหานคร,TH10,Thailand,ประเทศไทย,TH,ภาคกลาง,ภาคกลาง,เมืองหลัก
Bangkok,กรุงเทพมหานคร,TH10,Thailand,ประเทศไทย,TH,ภาคกลาง,ภาคกลาง,เมืองหลัก
Bangkok,กรุงเทพมหานคร,TH10,Thailand,ประเทศไทย,TH,ภาคกลาง,ภาคกลาง,เมืองหลัก
Bangkok,กรุงเทพมหานคร,TH10,Thailand,ประเทศไทย,TH,ภาคกลาง,ภาคกลาง,เมืองหลัก
Bangkok,กรุงเทพมหานคร,TH10,Thailand,ประเทศไทย,TH,ภาคกลาง,ภาคกลาง,เมืองหลัก
Bangkok,กรุงเทพมหานคร,TH10,Thailand,ประเทศไทย,TH,ภาคกลาง,ภาคกลาง,เมืองหลัก
Bangkok,กรุงเทพมหานคร,TH10,Thailand,ประเทศไทย,TH,ภาคกลาง,ภาคกลาง,เมืองหลัก
Bangkok,กรุงเทพมหานคร,TH10,Thailand,ประเทศไทย,TH,ภาคกลาง,ภาคกลาง,เมืองหลัก
Bangkok,กรุงเทพมหานคร,TH10,Thailand,ประเทศไทย,TH,ภาคกลาง,ภาคกลาง,เมืองหลัก
Bangkok,กรุงเทพมหานคร,TH10,Thailand,ประเทศไทย,TH,ภาคกลาง,ภาคกลาง,เมืองหลัก
Bangkok,กรุงเทพมหานคร,TH10,Thailand,ประเทศไทย,TH,ภาคกลาง,ภาคกลาง,เมืองหลัก
Bangkok,กรุงเทพมหานคร,TH10,Thailand,ประเทศไทย,TH,ภาคกลาง,ภาคกลาง,เมืองหลัก
Bangkok,กรุงเทพมหานคร,TH10,Thailand,ประเทศไทย,TH,ภาคกลาง,ภาคกลาง,เมืองหลัก
Bangkok,กรุงเทพมหานคร,TH10,Thailand,ประเทศไทย,TH,ภาคกลาง,ภาคกลาง,เมืองหลัก
Bangkok,กรุงเทพมหานคร,TH10,Thailand,ประเทศไทย,TH,ภาคกลาง,ภาคกลาง,เมืองหลัก
Bangkok,กรุงเทพมหานคร,TH10,Thailand,ประเทศไทย,TH,ภาคกลาง,ภาคกลาง,เมืองหลัก
Bangkok,กรุงเทพมหานคร,TH10,Thailand,ประเทศไทย,TH,ภาคกลาง,ภาคกลาง,เมืองหลัก
Bangkok,กรุงเทพมหานคร,TH10,Thailand,ประเทศไทย,TH,ภาคกลาง,ภาคกลาง,เมืองหลัก
Bangkok,กรุงเทพมหานคร,TH10,Thailand,ประเทศไทย,TH,ภาคกลาง,ภาคกลาง,เมืองหลัก
Bangkok,กรุงเทพมหานคร,TH10,Thailand,ประเทศไทย,TH,ภาคกลาง,ภาคกลาง,เมืองหลัก
Samut Prakan,สมุทรปราการ,TH11,Thailand,ประเทศไทย,TH,ภาคกลาง,ภาคกลาง,เมืองหลัก
Samut Prakan,สมุทรปราการ,TH11,Thailand,ประเทศไทย,TH,ภาคกลาง,ภาคกลาง,เมืองหลัก
Samut Prakan,สมุทรปราการ,TH11,Thailand,ประเทศไทย,TH,ภาคกลาง,ภาคกลาง,เมืองหลัก
Samut Prakan,สมุทรปราการ,TH11,Thailand,ประเทศไทย,TH,ภาคกลาง,ภาคกลาง,เมืองหลัก
Samut Prakan,สมุทรปราการ,TH11,Thailand,ประเทศไทย,TH,ภาคกลาง,ภาคกลาง,เมืองหลัก
Samut Prakan,สมุทรปราการ,TH11,Thailand,ประเทศไทย,TH,ภาคกลาง,ภาคกลาง,เมืองหลัก
Nonthaburi,นนทบุรี,TH12,Thailand,ประเทศไทย,TH,ภาคกลาง,ภาคกลาง,เมืองหลัก
Nonthaburi,นนทบุรี,TH12,Thailand,ประเทศไทย,TH,ภาคกลาง,ภาคกลาง,เมืองหลัก
Nonthaburi,นนทบุรี,TH12,Thailand,ประเทศไทย,TH,ภาคกลาง,ภาคกลาง,เมืองหลัก
Nonthaburi,นนทบุรี,TH12,Thailand,ประเทศไทย,TH,ภาคกลาง,ภาคกลาง,เมืองหลัก
Nonthaburi,นนทบุรี,TH12,Thailand,ประเทศไทย,TH,ภาคกลาง,ภาคกลาง,เมืองหลัก
Nonthaburi,นนทบุรี,TH12,Thailand,ประเทศไทย,TH,ภาคกลาง,ภาคกลาง,เมืองหลัก
Pathum Thani,ปทุมธานี,TH13,Thailand,ประเทศไทย,TH,ภาคกลาง,ภาคกลาง,เมืองหลัก
Pathum Thani,ปทุมธานี,TH13,Thailand,ประเทศไทย,TH,ภาคกลาง,ภาคกลาง,เมืองหลัก
Pathum Thani,ปทุมธานี,TH13,Thailand,ประเทศไทย,TH,ภาคกลาง,ภาคกลาง,เมืองหลัก
Pathum Thani,ปทุมธานี,TH13,Thailand,ประเทศไทย,TH,ภาคกลาง,ภาคกลาง,เมืองหลัก
Pathum Thani,ปทุมธานี,TH13,Thailand,ประเทศไทย,TH,ภาคกลาง,ภาคกลาง,เมืองหลัก
Pathum Thani,ปทุมธานี,TH13,Thailand,ประเทศไทย,TH,ภาคกลาง,ภาคกลาง,เมืองหลัก
Pathum Thani,ปทุมธานี,TH13,Thailand,ประเทศไทย,TH,ภาคกลาง,ภาคกลาง,เมืองหลัก
Phra Nakhon Si Ayutthaya,พระนครศรีอยุธยา,TH14,Thailand,ประเทศไทย,TH,ภาคกลาง,ภาคกลาง,เมืองหลัก
Phra Nakhon Si Ayutthaya,พระนครศรีอยุธยา,TH14,Thailand,ประเทศไทย,TH,ภาคกลาง,ภาคกลาง,เมืองหลัก
Phra Nakhon Si Ayutthaya,พระนครศรีอยุธยา,TH14,Thailand,ประเทศไทย,TH,ภาคกลาง,ภาคกลาง,เมืองหลัก
Phra Nakhon Si Ayutthaya,พระนครศรีอยุธยา,TH14,Thailand,ประเทศไทย,TH,ภาคกลาง,ภาคกลาง,เมืองหลัก
Phra Nakhon Si Ayutthaya,พระนครศรีอยุธยา,TH14,Thailand,ประเทศไทย,TH,ภาคกลาง,ภาคกลาง,เมืองหลัก
Phra Nakhon Si Ayutthaya,พระนครศรีอยุธยา,TH14,Thailand,ประเทศไทย,TH,ภาคกลาง,ภาคกลาง,เมืองหลัก
Phra Nakhon Si Ayutthaya,พระนครศรีอยุธยา,TH14,Thailand,ประเทศไทย,TH,ภาคกลาง,ภาคกลาง,เมืองหลัก
Phra Nakhon Si Ayutthaya,พระนครศรีอยุธยา,TH14,Thailand,ประเทศไทย,TH,ภาคกลาง,ภาคกลาง,เมืองหลัก
Phra Nakhon Si Ayutthaya,พระนครศรีอยุธยา,TH14,Thailand,ประเทศไทย,TH,ภาคกลาง,ภาคกลาง,เมืองหลัก
Phra Nakhon Si Ayutthaya,พระนครศรีอยุธยา,TH14,Thailand,ประเทศไทย,TH,ภาคกลาง,ภาคกลาง,เมืองหลัก
Phra Nakhon Si Ayutthaya,พระนครศรีอยุธยา,TH14,Thailand,ประเทศไทย,TH,ภาคกลาง,ภาคกลาง,เมืองหลัก
Phra Nakhon Si Ayutthaya,พระนครศรีอยุธยา,TH14,Thailand,ประเทศไทย,TH,ภาคกลาง,ภาคกลาง,เมืองหลัก
Phra Nakhon Si Ayutthaya,พระนครศรีอยุธยา,TH14,Thailand,ประเทศไทย,TH,ภาคกลาง,ภาคกลาง,เมืองหลัก
Phra Nakhon Si Ayutthaya,พระนครศรีอยุธยา,TH14,Thailand,ประเทศไทย,TH,ภาคกลาง,ภาคกลาง,เมืองหลัก
Phra Nakhon Si Ayutthaya,พระนครศรีอยุธยา,TH14,Thailand,ประเทศไทย,TH,ภาคกลาง,ภาคกลาง,เมืองหลัก
Phra Nakhon Si Ayutthaya,พระนครศรีอยุธยา,TH14,Thailand,ประเทศไทย,TH,ภาคกลาง,ภาคกลาง,เมืองหลัก
Ang Thong,อ่างทอง,TH15,Thailand,ประเทศไทย,TH,ภาคกลาง,ภาคกลาง,เมืองรอง
Ang Thong,อ่างทอง,TH15,Thailand,ประเทศไทย,TH,ภาคกลาง,ภาคกลาง,เมืองรอง
Ang Thong,อ่างทอง,TH15,Thailand,ประเทศไทย,TH,ภาคกลาง,ภาคกลาง,เมืองรอง
Ang Thong,อ่างทอง,TH15,Thailand,ประเทศไทย,TH,ภาคกลาง,ภาคกลาง,เมืองรอง
Ang Thong,อ่างทอง,TH15,Thailand,ประเทศไทย,TH,ภาคกลาง,ภาคกลาง,เมืองรอง
Ang Thong,อ่างทอง,TH15,Thailand,ประเทศไทย,TH,ภาคกลาง,ภาคกลาง,เมืองรอง
Ang Thong,อ่างทอง,TH15,Thailand,ประเทศไทย,TH,ภาคกลาง,ภาคกลาง,เมืองรอง
Lop Buri,ลพบุรี,TH16,Thailand,ประเทศไทย,TH,ภาคกลาง,ภาคกลาง,เมืองรอง
Lop Buri,ลพบุรี,TH16,Thailand,ประเทศไทย,TH,ภาคกลาง,ภาคกลาง,เมืองรอง
Lop Buri,ลพบุรี,TH16,Thailand,ประเทศไทย,TH,ภาคกลาง,ภาคกลาง,เมืองรอง
Lop Buri,ลพบุรี,TH16,Thailand,ประเทศไทย,TH,ภาคกลาง,ภาคกลาง,เมืองรอง
Lop Buri,ลพบุรี,TH16,Thailand,ประเทศไทย,TH,ภาคกลาง,ภาคกลาง,เมืองรอง
Lop Buri,ลพบุรี,TH16,Thailand,ประเทศไทย,TH,ภาคกลาง,ภาคกลาง,เมืองรอง
Lop Buri,ลพบุรี,TH16,Thailand,ประเทศไทย,TH,ภาคกลาง,ภาคกลาง,เมืองรอง
Lop Buri,ลพบุรี,TH16,Thailand,ประเทศไทย,TH,ภาคกลาง,ภาคกลาง,เมืองรอง
Lop Buri,ลพบุรี,TH16,Thailand,ประเทศไทย,TH,ภาคกลาง,ภาคกลาง,เมืองรอง
Lop Buri,ลพบุรี,TH16,Thailand,ประเทศไทย,TH,ภาคกลาง,ภาคกลาง,เมืองรอง
Lop Buri,ลพบุรี,TH16,Thailand,ประเทศไทย,TH,ภาคกลาง,ภาคกลาง,เมืองรอง
Sing Buri,สิงห์บุรี,TH17,Thailand,ประเทศไทย,TH,ภาคกลาง,ภาคกลาง,เมืองรอง
Sing Buri,สิงห์บุรี,TH17,Thailand,ประเทศไทย,TH,ภาคกลาง,ภาคกลาง,เมืองรอง
Sing Buri,สิงห์บุรี,TH17,Thailand,ประเทศไทย,TH,ภาคกลาง,ภาคกลาง,เมืองรอง
Sing Buri,สิงห์บุรี,TH17,Thailand,ประเทศไทย,TH,ภาคกลาง,ภาคกลาง,เมืองรอง
Sing Buri,สิงห์บุรี,TH17,Thailand,ประเทศไทย,TH,ภาคกลาง,ภาคกลาง,เมืองรอง
Sing Buri,สิงห์บุรี,TH17,Thailand,ประเทศไทย,TH,ภาคกลาง,ภาคกลาง,เมืองรอง
Chai Nat,ชัยนาท,TH18,Thailand,ประเทศไทย,TH,ภาคกลาง,ภาคกลาง,เมืองรอง
Chai Nat,ชัยนาท,TH18,Thailand,ประเทศไทย,TH,ภาคกลาง,ภาคกลาง,เมืองรอง
Chai Nat,ชัยนาท,TH18,Thailand,ประเทศไทย,TH,ภาคกลาง,ภาคกลาง,เมืองรอง
Chai Nat,ชัยนาท,TH18,Thailand,ประเทศไทย,TH,ภาคกลาง,ภาคกลาง,เมืองรอง
Chai Nat,ชัยนาท,TH18,Thailand,ประเทศไทย,TH,ภาคกลาง,ภาคกลาง,เมืองรอง
Chai Nat,ชัยนาท,TH18,Thailand,ประเทศไทย,TH,ภาคกลาง,ภาคกลาง,เมืองรอง
Chai Nat,ชัยนาท,TH18,Thailand,ประเทศไทย,TH,ภาคกลาง,ภาคกลาง,เมืองรอง
Chai Nat,ชัยนาท,TH18,Thailand,ประเทศไทย,TH,ภาคกลาง,ภาคกลาง,เมืองรอง
Saraburi,สระบุรี,TH19,Thailand,ประเทศไทย,TH,ภาคกลาง,ภาคกลาง,เมืองหลัก
Saraburi,สระบุรี,TH19,Thailand,ประเทศไทย,TH,ภาคกลาง,ภาคกลาง,เมืองหลัก
Saraburi,สระบุรี,TH19,Thailand,ประเทศไทย,TH,ภาคกลาง,ภาคกลาง,เมืองหลัก
Saraburi,สระบุรี,TH19,Thailand,ประเทศไทย,TH,ภาคกลาง,ภาคกลาง,เมืองหลัก
Saraburi,สระบุรี,TH19,Thailand,ประเทศไทย,TH,ภาคกลาง,ภาคกลาง,เมืองหลัก
Saraburi,สระบุรี,TH19,Thailand,ประเทศไทย,TH,ภาคกลาง,ภาคกลาง,เมืองหลัก
Saraburi,สระบุรี,TH19,Thailand,ประเทศไทย,TH,ภาคกลาง,ภาคกลาง,เมืองหลัก
Saraburi,สระบุรี,TH19,Thailand,ประเทศไทย,TH,ภาคกลาง,ภาคกลาง,เมืองหลัก
Saraburi,สระบุรี,TH19,Thailand,ประเทศไทย,TH,ภาคกลาง,ภาคกลาง,เมืองหลัก
Saraburi,สระบุรี,TH19,Thailand,ประเทศไทย,TH,ภาคกลาง,ภาคกลาง,เมืองหลัก
Saraburi,สระบุรี,TH19,Thailand,ประเทศไทย,TH,ภาคกลาง,ภาคกลาง,เมืองหลัก
Saraburi,สระบุรี,TH19,Thailand,ประเทศไทย,TH,ภาคกลาง,ภาคกลาง,เมืองหลัก
Saraburi,สระบุรี,TH19,Thailand,ประเทศไทย,TH,ภาคกลาง,ภาคกลาง,เมืองหลัก
Chon Buri,ชลบุรี,TH20,Thailand,ประเทศไทย,TH,ภาคตะวันออก,ภาคกลาง,เมืองหลัก
Chon Buri,ชลบุรี,TH20,Thailand,ประเทศไทย,TH,ภาคตะวันออก,ภาคกลาง,เมืองหลัก
Chon Buri,ชลบุรี,TH20,Thailand,ประเทศไทย,TH,ภาคตะวันออก,ภาคกลาง,เมืองหลัก
Chon Buri,ชลบุรี,TH20,Thailand,ประเทศไทย,TH,ภาคตะวันออก,ภาคกลาง,เมืองหลัก
Chon Buri,ชลบุรี,TH20,Thailand,ประเทศไทย,TH,ภาคตะวันออก,ภาคกลาง,เมืองหลัก
Chon Buri,ชลบุรี,TH20,Thailand,ประเทศไทย,TH,ภาคตะวันออก,ภาคกลาง,เมืองหลัก
Chon Buri,ชลบุรี,TH20,Thailand,ประเทศไทย,TH,ภาคตะวันออก,ภาคกลาง,เมืองหลัก
Chon Buri,ชลบุรี,TH20,Thailand,ประเทศไทย,TH,ภาคตะวันออก,ภาคกลาง,เมืองหลัก
Chon Buri,ชลบุรี,TH20,Thailand,ประเทศไทย,TH,ภาคตะวันออก,ภาคกลาง,เมืองหลัก
Chon Buri,ชลบุรี,TH20,Thailand,ประเทศไทย,TH,ภาคตะวันออก,ภาคกลาง,เมืองหลัก
Chon Buri,ชลบุรี,TH20,Thailand,ประเทศไทย,TH,ภาคตะวันออก,ภาคกลาง,เมืองหลัก
Rayong,ระยอง,TH21,Thailand,ประเทศไทย,TH,ภาคตะวันออก,ภาคกลาง,เมืองหลัก
Rayong,ระยอง,TH21,Thailand,ประเทศไทย,TH,ภาคตะวันออก,ภาคกลาง,เมืองหลัก
Rayong,ระยอง,TH21,Thailand,ประเทศไทย,TH,ภาคตะวันออก,ภาคกลาง,เมืองหลัก
Rayong,ระยอง,TH21,Thailand,ประเทศไทย,TH,ภาคตะวันออก,ภาคกลาง,เมืองหลัก
Rayong,ระยอง,TH21,Thailand,ประเทศไทย,TH,ภาคตะวันออก,ภาคกลาง,เมืองหลัก
Rayong,ระยอง,TH21,Thailand,ประเทศไทย,TH,ภาคตะวันออก,ภาคกลาง,เมืองหลัก
Rayong,ระยอง,TH21,Thailand,ประเทศไทย,TH,ภาคตะวันออก,ภาคกลาง,เมืองหลัก
Rayong,ระยอง,TH21,Thailand,ประเทศไทย,TH,ภาคตะวันออก,ภาคกลาง,เมืองหลัก
Chanthaburi,จันทบุรี,TH22,Thailand,ประเทศไทย,TH,ภาคตะวันออก,ภาคกลาง,เมืองรอง
Chanthaburi,จันทบุรี,TH22,Thailand,ประเทศไทย,TH,ภาคตะวันออก,ภาคกลาง,เมืองรอง
Chanthaburi,จันทบุรี,TH22,Thailand,ประเทศไทย,TH,ภาคตะวันออก,ภาคกลาง,เมืองรอง
Chanthaburi,จันทบุรี,TH22,Thailand,ประเทศไทย,TH,ภาคตะวันออก,ภาคกลาง,เมืองรอง
Chanthaburi,จันทบุรี,TH22,Thailand,ประเทศไทย,TH,ภาคตะวันออก,ภาคกลาง,เมืองรอง
Chanthaburi,จันทบุรี,TH22,Thailand,ประเทศไทย,TH,ภาคตะวันออก,ภาคกลาง,เมืองรอง
Chanthaburi,จันทบุรี,TH22,Thailand,ประเทศไทย,TH,ภาคตะวันออก,ภาคกลาง,เมืองรอง
Chanthaburi,จันทบุรี,TH22,Thailand,ประเทศไทย,TH,ภาคตะวันออก,ภาคกลาง,เมืองรอง
Chanthaburi,จันทบุรี,TH22,Thailand,ประเทศไทย,TH,ภาคตะวันออก,ภาคกลาง,เมืองรอง
Chanthaburi,จันทบุรี,TH22,Thailand,ประเทศไทย,TH,ภาคตะวันออก,ภาคกลาง,เมืองรอง
Trat,ตราด,TH23,Thailand,ประเทศไทย,TH,ภาคตะวันออก,ภาคกลาง,เมืองรอง
Trat,ตราด,TH23,Thailand,ประเทศไทย,TH,ภาคตะวันออก,ภาคกลาง,เมืองรอง
Trat,ตราด,TH23,Thailand,ประเทศไทย,TH,ภาคตะวันออก,ภาคกลาง,เมืองรอง
Trat,ตราด,TH23,Thailand,ประเทศไทย,TH,ภาคตะวันออก,ภาคกลาง,เมืองรอง
Trat,ตราด,TH23,Thailand,ประเทศไทย,TH,ภาคตะวันออก,ภาคกลาง,เมืองรอง
Trat,ตราด,TH23,Thailand,ประเทศไทย,TH,ภาคตะวันออก,ภาคกลาง,เมืองรอง
Trat,ตราด,TH23,Thailand,ประเทศไทย,TH,ภาคตะวันออก,ภาคกลาง,เมืองรอง
Chachoengsao,ฉะเชิงเทรา,TH24,Thailand,ประเทศไทย,TH,ภาคตะวันออก,ภาคกลาง,เมืองหลัก
Chachoengsao,ฉะเชิงเทรา,TH24,Thailand,ประเทศไทย,TH,ภาคตะวันออก,ภาคกลาง,เมืองหลัก
Chachoengsao,ฉะเชิงเทรา,TH24,Thailand,ประเทศไทย,TH,ภาคตะวันออก,ภาคกลาง,เมืองหลัก
Chachoengsao,ฉะเชิงเทรา,TH24,Thailand,ประเทศไทย,TH,ภาคตะวันออก,ภาคกลาง,เมืองหลัก
Chachoengsao,ฉะเชิงเทรา,TH24,Thailand,ประเทศไทย,TH,ภาคตะวันออก,ภาคกลาง,เมืองหลัก
Chachoengsao,ฉะเชิงเทรา,TH24,Thailand,ประเทศไทย,TH,ภาคตะวันออก,ภาคกลาง,เมืองหลัก
Chachoengsao,ฉะเชิงเทรา,TH24,Thailand,ประเทศไทย,TH,ภาคตะวันออก,ภาคกลาง,เมืองหลัก
Chachoengsao,ฉะเชิงเทรา,TH24,Thailand,ประเทศไทย,TH,ภาคตะวันออก,ภาคกลาง,เมืองหลัก
Chachoengsao,ฉะเชิงเทรา,TH24,Thailand,ประเทศไทย,TH,ภาคตะวันออก,ภาคกลาง,เมืองหลัก
Chachoengsao,ฉะเชิงเทรา,TH24,Thailand,ประเทศไทย,TH,ภาคตะวันออก,ภาคกลาง,เมืองหลัก
Chachoengsao,ฉะเชิงเทรา,TH24,Thailand,ประเทศไทย,TH,ภาคตะวันออก,ภาคกลาง,เมืองหลัก
Prachin Buri,ปราจีนบุรี,TH25,Thailand,ประเทศไทย,TH,ภาคตะวันออก,ภาคกลาง,เมืองรอง
Prachin Buri,ปราจีนบุรี,TH25,Thailand,ประเทศไทย,TH,ภาคตะวันออก,ภาคกลาง,เมืองรอง
Prachin Buri,ปราจีนบุรี,TH25,Thailand,ประเทศไทย,TH,ภาคตะวันออก,ภาคกลาง,เมืองรอง
Prachin Buri,ปราจีนบุรี,TH25,Thailand,ประเทศไทย,TH,ภาคตะวันออก,ภาคกลาง,เมืองรอง
Prachin Buri,ปราจีนบุรี,TH25,Thailand,ประเทศไทย,TH,ภาคตะวันออก,ภาคกลาง,เมืองรอง
Prachin Buri,ปราจีนบุรี,TH25,Thailand,ประเทศไทย,TH,ภาคตะวันออก,ภาคกลาง,เมืองรอง
Prachin Buri,ปราจีนบุรี,TH25,Thailand,ประเทศไทย,TH,ภาคตะวันออก,ภาคกลาง,เมืองรอง
Nakhon Nayok,นครนายก,TH26,Thailand,ประเทศไทย,TH,ภาคกลาง,ภาคกลาง,เมืองรอง
Nakhon Nayok,นครนายก,TH26,Thailand,ประเทศไทย,TH,ภาคกลาง,ภาคกลาง,เมืองรอง
Nakhon Nayok,นครนายก,TH26,Thailand,ประเทศไทย,TH,ภาคกลาง,ภาคกลาง,เมืองรอง
Nakhon Nayok,นครนายก,TH26,Thailand,ประเทศไทย,TH,ภาคกลาง,ภาคกลาง,เมืองรอง
Sa Kaeo,สระแก้ว,TH27,Thailand,ประเทศไทย,TH,ภาคตะวันออก,ภาคกลาง,เมืองรอง
Sa Kaeo,สระแก้ว,TH27,Thailand,ประเทศไทย,TH,ภาคตะวันออก,ภาคกลาง,เมืองรอง
Sa Kaeo,สระแก้ว,TH27,Thailand,ประเทศไทย,TH,ภาคตะวันออก,ภาคกลาง,เมืองรอง
Sa Kaeo,สระแก้ว,TH27,Thailand,ประเทศไทย,TH,ภาคตะวันออก,ภาคกลาง,เมืองรอง
Sa Kaeo,สระแก้ว,TH27,Thailand,ประเทศไทย,TH,ภาคตะวันออก,ภาคกลาง,เมืองรอง
Sa Kaeo,สระแก้ว,TH27,Thailand,ประเทศไทย,TH,ภาคตะวันออก,ภาคกลาง,เมืองรอง
Sa Kaeo,สระแก้ว,TH27,Thailand,ประเทศไทย,TH,ภาคตะวันออก,ภาคกลาง,เมืองรอง
Sa Kaeo,สระแก้ว,TH27,Thailand,ประเทศไทย,TH,ภาคตะวันออก,ภาคกลาง,เมืองรอง
Sa Kaeo,สระแก้ว,TH27,Thailand,ประเทศไทย,TH,ภาคตะวันออก,ภาคกลาง,เมืองรอง
Nakhon Ratchasima,นครราชสีมา,TH30,Thailand,ประเทศไทย,TH,ภาคตะวันออกเฉียงเหนือ,ภาคตะวันออกเฉียงเหนือ,เมืองหลัก
Nakhon Ratchasima,นครราชสีมา,TH30,Thailand,ประเทศไทย,TH,ภาคตะวันออกเฉียงเหนือ,ภาคตะวันออกเฉียงเหนือ,เมืองหลัก
Nakhon Ratchasima,นครราชสีมา,TH30,Thailand,ประเทศไทย,TH,ภาคตะวันออกเฉียงเหนือ,ภาคตะวันออกเฉียงเหนือ,เมืองหลัก
Nakhon Ratchasima,นครราชสีมา,TH30,Thailand,ประเทศไทย,TH,ภาคตะวันออกเฉียงเหนือ,ภาคตะวันออกเฉียงเหนือ,เมืองหลัก
Nakhon Ratchasima,นครราชสีมา,TH30,Thailand,ประเทศไทย,TH,ภาคตะวันออกเฉียงเหนือ,ภาคตะวันออกเฉียงเหนือ,เมืองหลัก
Nakhon Ratchasima,นครราชสีมา,TH30,Thailand,ประเทศไทย,TH,ภาคตะวันออกเฉียงเหนือ,ภาคตะวันออกเฉียงเหนือ,เมืองหลัก
Nakhon Ratchasima,นครราชสีมา,TH30,Thailand,ประเทศไทย,TH,ภาคตะวันออกเฉียงเหนือ,ภาคตะวันออกเฉียงเหนือ,เมืองหลัก
Nakhon Ratchasima,นครราชสีมา,TH30,Thailand,ประเทศไทย,TH,ภาคตะวันออกเฉียงเหนือ,ภาคตะวันออกเฉียงเหนือ,เมืองหลัก
Nakhon Ratchasima,นครราชสีมา,TH30,Thailand,ประเทศไทย,TH,ภาคตะวันออกเฉียงเหนือ,ภาคตะวันออกเฉียงเหนือ,เมืองหลัก
Nakhon Ratchasima,นครราชสีมา,TH30,Thailand,ประเทศไทย,TH,ภาคตะวันออกเฉียงเหนือ,ภาคตะวันออกเฉียงเหนือ,เมืองหลัก
Nakhon Ratchasima,นครราชสีมา,TH30,Thailand,ประเทศไทย,TH,ภาคตะวันออกเฉียงเหนือ,ภาคตะวันออกเฉียงเหนือ,เมืองหลัก
Nakhon Ratchasima,นครราชสีมา,TH30,Thailand,ประเทศไทย,TH,ภาคตะวันออกเฉียงเหนือ,ภาคตะวันออกเฉียงเหนือ,เมืองหลัก
Nakhon Ratchasima,นครราชสีมา,TH30,Thailand,ประเทศไทย,TH,ภาคตะวันออกเฉียงเหนือ,ภาคตะวันออกเฉียงเหนือ,เมืองหลัก
Nakhon Ratchasima,นครราชสีมา,TH30,Thailand,ประเทศไทย,TH,ภาคตะวันออกเฉียงเหนือ,ภาคตะวันออกเฉียงเหนือ,เมืองหลัก
Nakhon Ratchasima,นครราชสีมา,TH30,Thailand,ประเทศไทย,TH,ภาคตะวันออกเฉียงเหนือ,ภาคตะวันออกเฉียงเหนือ,เมืองหลัก
Nakhon Ratchasima,นครราชสีมา,TH30,Thailand,ประเทศไทย,TH,ภาคตะวันออกเฉียงเหนือ,ภาคตะวันออกเฉียงเหนือ,เมืองหลัก
Nakhon Ratchasima,นครราชสีมา,TH30,Thailand,ประเทศไทย,TH,ภาคตะวันออกเฉียงเหนือ,ภาคตะวันออกเฉียงเหนือ,เมืองหลัก
Nakhon Ratchasima,นครราชสีมา,TH30,Thailand,ประเทศไทย,TH,ภาคตะวันออกเฉียงเหนือ,ภาคตะวันออกเฉียงเหนือ,เมืองหลัก
Nakhon Ratchasima,นครราชสีมา,TH30,Thailand,ประเทศไทย,TH,ภาคตะวันออกเฉียงเหนือ,ภาคตะวันออกเฉียงเหนือ,เมืองหลัก
Nakhon Ratchasima,นครราชสีมา,TH30,Thailand,ประเทศไทย,TH,ภาคตะวันออกเฉียงเหนือ,ภาคตะวันออกเฉียงเหนือ,เมืองหลัก
Nakhon Ratchasima,นครราชสีมา,TH30,Thailand,ประเทศไทย,TH,ภาคตะวันออกเฉียงเหนือ,ภาคตะวันออกเฉียงเหนือ,เมืองหลัก
Nakhon Ratchasima,นครราชสีมา,TH30,Thailand,ประเทศไทย,TH,ภาคตะวันออกเฉียงเหนือ,ภาคตะวันออกเฉียงเหนือ,เมืองหลัก
Nakhon Ratchasima,นครราชสีมา,TH30,Thailand,ประเทศไทย,TH,ภาคตะวันออกเฉียงเหนือ,ภาคตะวันออกเฉียงเหนือ,เมืองหลัก
Nakhon Ratchasima,นครราชสีมา,TH30,Thailand,ประเทศไทย,TH,ภาคตะวันออกเฉียงเหนือ,ภาคตะวันออกเฉียงเหนือ,เมืองหลัก
Nakhon Ratchasima,นครราชสีมา,TH30,Thailand,ประเทศไทย,TH,ภาคตะวันออกเฉียงเหนือ,ภาคตะวันออกเฉียงเหนือ,เมืองหลัก
Nakhon Ratchasima,นครราชสีมา,TH30,Thailand,ประเทศไทย,TH,ภาคตะวันออกเฉียงเหนือ,ภาคตะวันออกเฉียงเหนือ,เมืองหลัก
Nakhon Ratchasima,นครราชสีมา,TH30,Thailand,ประเทศไทย,TH,ภาคตะวันออกเฉียงเหนือ,ภาคตะวันออกเฉียงเหนือ,เมืองหลัก
Nakhon Ratchasima,นครราชสีมา,TH30,Thailand,ประเทศไทย,TH,ภาคตะวันออกเฉียงเหนือ,ภาคตะวันออกเฉียงเหนือ,เมืองหลัก
Nakhon Ratchasima,นครราชสีมา,TH30,Thailand,ประเทศไทย,TH,ภาคตะวันออกเฉียงเหนือ,ภาคตะวันออกเฉียงเหนือ,เมืองหลัก
Nakhon Ratchasima,นครราชสีมา,TH30,Thailand,ประเทศไทย,TH,ภาคตะวันออกเฉียงเหนือ,ภาคตะวันออกเฉียงเหนือ,เมืองหลัก
Nakhon Ratchasima,นครราชสีมา,TH30,Thailand,ประเทศไทย,TH,ภาคตะวันออกเฉียงเหนือ,ภาคตะวันออกเฉียงเหนือ,เมืองหลัก
Nakhon Ratchasima,นครราชสีมา,TH30,Thailand,ประเทศไทย,TH,ภาคตะวันออกเฉียงเหนือ,ภาคตะวันออกเฉียงเหนือ,เมืองหลัก
Buri Ram,บุรีรัมย์,TH31,Thailand,ประเทศไทย,TH,ภาคตะวันออกเฉียงเหนือ,ภาคตะวันออกเฉียงเหนือ,เมืองรอง
Buri Ram,บุรีรัมย์,TH31,Thailand,ประเทศไทย,TH,ภาคตะวันออกเฉียงเหนือ,ภาคตะวันออกเฉียงเหนือ,เมืองรอง
Buri Ram,บุรีรัมย์,TH31,Thailand,ประเทศไทย,TH,ภาคตะวันออกเฉียงเหนือ,ภาคตะวันออกเฉียงเหนือ,เมืองรอง
Buri Ram,บุรีรัมย์,TH31,Thailand,ประเทศไทย,TH,ภาคตะวันออกเฉียงเหนือ,ภาคตะวันออกเฉียงเหนือ,เมืองรอง
Buri Ram,บุรีรัมย์,TH31,Thailand,ประเทศไทย,TH,ภาคตะวันออกเฉียงเหนือ,ภาคตะวันออกเฉียงเหนือ,เมืองรอง
Buri Ram,บุรีรัมย์,TH31,Thailand,ประเทศไทย,TH,ภาคตะวันออกเฉียงเหนือ,ภาคตะวันออกเฉียงเหนือ,เมืองรอง
Buri Ram,บุรีรัมย์,TH31,Thailand,ประเทศไทย,TH,ภาคตะวันออกเฉียงเหนือ,ภาคตะวันออกเฉียงเหนือ,เมืองรอง
Buri Ram,บุรีรัมย์,TH31,Thailand,ประเทศไทย,TH,ภาคตะวันออกเฉียงเหนือ,ภาคตะวันออกเฉียงเหนือ,เมืองรอง
Buri Ram,บุรีรัมย์,TH31,Thailand,ประเทศไทย,TH,ภาคตะวันออกเฉียงเหนือ,ภาคตะวันออกเฉียงเหนือ,เมืองรอง
Buri Ram,บุรีรัมย์,TH31,Thailand,ประเทศไทย,TH,ภาคตะวันออกเฉียงเหนือ,ภาคตะวันออกเฉียงเหนือ,เมืองรอง
Buri Ram,บุรีรัมย์,TH31,Thailand,ประเทศไทย,TH,ภาคตะวันออกเฉียงเหนือ,ภาคตะวันออกเฉียงเหนือ,เมืองรอง
Buri Ram,บุรีรัมย์,TH31,Thailand,ประเทศไทย,TH,ภาคตะวันออกเฉียงเหนือ,ภาคตะวันออกเฉียงเหนือ,เมืองรอง
Buri Ram,บุรีรัมย์,TH31,Thailand,ประเทศไทย,TH,ภาคตะวันออกเฉียงเหนือ,ภาคตะวันออกเฉียงเหนือ,เมืองรอง
Buri Ram,บุรีรัมย์,TH31,Thailand,ประเทศไทย,TH,ภาคตะวันออกเฉียงเหนือ,ภาคตะวันออกเฉียงเหนือ,เมืองรอง
Buri Ram,บุรีรัมย์,TH31,Thailand,ประเทศไทย,TH,ภาคตะวันออกเฉียงเหนือ,ภาคตะวันออกเฉียงเหนือ,เมืองรอง
Buri Ram,บุรีรัมย์,TH31,Thailand,ประเทศไทย,TH,ภาคตะวันออกเฉียงเหนือ,ภาคตะวันออกเฉียงเหนือ,เมืองรอง
Buri Ram,บุรีรัมย์,TH31,Thailand,ประเทศไทย,TH,ภาคตะวันออกเฉียงเหนือ,ภาคตะวันออกเฉียงเหนือ,เมืองรอง
Buri Ram,บุรีรัมย์,TH31,Thailand,ประเทศไทย,TH,ภาคตะวันออกเฉียงเหนือ,ภาคตะวันออกเฉียงเหนือ,เมืองรอง
Buri Ram,บุรีรัมย์,TH31,Thailand,ประเทศไทย,TH,ภาคตะวันออกเฉียงเหนือ,ภาคตะวันออกเฉียงเหนือ,เมืองรอง
Buri Ram,บุรีรัมย์,TH31,Thailand,ประเทศไทย,TH,ภาคตะวันออกเฉียงเหนือ,ภาคตะวันออกเฉียงเหนือ,เมืองรอง
Buri Ram,บุรีรัมย์,TH31,Thailand,ประเทศไทย,TH,ภาคตะวันออกเฉียงเหนือ,ภาคตะวันออกเฉียงเหนือ,เมืองรอง
Buri Ram,บุรีรัมย์,TH31,Thailand,ประเทศไทย,TH,ภาคตะวันออกเฉียงเหนือ,ภาคตะวันออกเฉียงเหนือ,เมืองรอง
Buri Ram,บุรีรัมย์,TH31,Thailand,ประเทศไทย,TH,ภาคตะวันออกเฉียงเหนือ,ภาคตะวันออกเฉียงเหนือ,เมืองรอง
Surin,สุรินทร์,TH32,Thailand,ประเทศไทย,TH,ภาคตะวันออกเฉียงเหนือ,ภาคตะวันออกเฉียงเหนือ,เมืองรอง
Surin,สุรินทร์,TH32,Thailand,ประเทศไทย,TH,ภาคตะวันออกเฉียงเหนือ,ภาคตะวันออกเฉียงเหนือ,เมืองรอง
Surin,สุรินทร์,TH32,Thailand,ประเทศไทย,TH,ภาคตะวันออกเฉียงเหนือ,ภาคตะวันออกเฉียงเหนือ,เมืองรอง
Surin,สุรินทร์,TH32,Thailand,ประเทศไทย,TH,ภาคตะวันออกเฉียงเหนือ,ภาคตะวันออกเฉียงเหนือ,เมืองรอง
Surin,สุรินทร์,TH32,Thailand,ประเทศไทย,TH,ภาคตะวันออกเฉียงเหนือ,ภาคตะวันออกเฉียงเหนือ,เมืองรอง
Surin,สุรินทร์,TH32,Thailand,ประเทศไทย,TH,ภาคตะวันออกเฉียงเหนือ,ภาคตะวันออกเฉียงเหนือ,เมืองรอง
Surin,สุรินทร์,TH32,Thailand,ประเทศไทย,TH,ภาคตะวันออกเฉียงเหนือ,ภาคตะวันออกเฉียงเหนือ,เมืองรอง
Surin,สุรินทร์,TH32,Thailand,ประเทศไทย,TH,ภาคตะวันออกเฉียงเหนือ,ภาคตะวันออกเฉียงเหนือ,เมืองรอง
Surin,สุรินทร์,TH32,Thailand,ประเทศไทย,TH,ภาคตะวันออกเฉียงเหนือ,ภาคตะวันออกเฉียงเหนือ,เมืองรอง
Surin,สุรินทร์,TH32,Thailand,ประเทศไทย,TH,ภาคตะวันออกเฉียงเหนือ,ภาคตะวันออกเฉียงเหนือ,เมืองรอง
Surin,สุรินทร์,TH32,Thailand,ประเทศไทย,TH,ภาคตะวันออกเฉียงเหนือ,ภาคตะวันออกเฉียงเหนือ,เมืองรอง
Surin,สุรินทร์,TH32,Thailand,ประเทศไทย,TH,ภาคตะวันออกเฉียงเหนือ,ภาคตะวันออกเฉียงเหนือ,เมืองรอง
Surin,สุรินทร์,TH32,Thailand,ประเทศไทย,TH,ภาคตะวันออกเฉียงเหนือ,ภาคตะวันออกเฉียงเหนือ,เมืองรอง
Surin,สุรินทร์,TH32,Thailand,ประเทศไทย,TH,ภาคตะวันออกเฉียงเหนือ,ภาคตะวันออกเฉียงเหนือ,เมืองรอง
Surin,สุรินทร์,TH32,Thailand,ประเทศไทย,TH,ภาคตะวันออกเฉียงเหนือ,ภาคตะวันออกเฉียงเหนือ,เมืองรอง
Surin,สุรินทร์,TH32,Thailand,ประเทศไทย,TH,ภาคตะวันออกเฉียงเหนือ,ภาคตะวันออกเฉียงเหนือ,เมืองรอง
Surin,สุรินทร์,TH32,Thailand,ประเทศไทย,TH,ภาคตะวันออกเฉียงเหนือ,ภาคตะวันออกเฉียงเหนือ,เมืองรอง
Si Sa Ket,ศรีสะเกษ,TH33,Thailand,ประเทศไทย,TH,ภาคตะวันออกเฉียงเหนือ,ภาคตะวันออกเฉียงเหนือ,เมืองรอง
Si Sa Ket,ศรีสะเกษ,TH33,Thailand,ประเทศไทย,TH,ภาคตะวันออกเฉียงเหนือ,ภาคตะวันออกเฉียงเหนือ,เมืองรอง
Si Sa Ket,ศรีสะเกษ,TH33,Thailand,ประเทศไทย,TH,ภาคตะวันออกเฉียงเหนือ,ภาคตะวันออกเฉียงเหนือ,เมืองรอง
Si Sa Ket,ศรีสะเกษ,TH33,Thailand,ประเทศไทย,TH,ภาคตะวันออกเฉียงเหนือ,ภาคตะวันออกเฉียงเหนือ,เมืองรอง
Si Sa Ket,ศรีสะเกษ,TH33,Thailand,ประเทศไทย,TH,ภาคตะวันออกเฉียงเหนือ,ภาคตะวันออกเฉียงเหนือ,เมืองรอง
Si Sa Ket,ศรีสะเกษ,TH33,Thailand,ประเทศไทย,TH,ภาคตะวันออกเฉียงเหนือ,ภาคตะวันออกเฉียงเหนือ,เมืองรอง
Si Sa Ket,ศรีสะเกษ,TH33,Thailand,ประเทศไทย,TH,ภาคตะวันออกเฉียงเหนือ,ภาคตะวันออกเฉียงเหนือ,เมืองรอง
Si Sa Ket,ศรีสะเกษ,TH33,Thailand,ประเทศไทย,TH,ภาคตะวันออกเฉียงเหนือ,ภาคตะวันออกเฉียงเหนือ,เมืองรอง
Si Sa Ket,ศรีสะเกษ,TH33,Thailand,ประเทศไทย,TH,ภาคตะวันออกเฉียงเหนือ,ภาคตะวันออกเฉียงเหนือ,เมืองรอง
Si Sa Ket,ศรีสะเกษ,TH33,Thailand,ประเทศไทย,TH,ภาคตะวันออกเฉียงเหนือ,ภาคตะวันออกเฉียงเหนือ,เมืองรอง
Si Sa Ket,ศรีสะเกษ,TH33,Thailand,ประเทศไทย,TH,ภาคตะวันออกเฉียงเหนือ,ภาคตะวันออกเฉียงเหนือ,เมืองรอง
Si Sa Ket,ศรีสะเกษ,TH33,Thailand,ประเทศไทย,TH,ภาคตะวันออกเฉียงเหนือ,ภาคตะวันออกเฉียงเหนือ,เมืองรอง
Si Sa Ket,ศรีสะเกษ,TH33,Thailand,ประเทศไทย,TH,ภาคตะวันออกเฉียงเหนือ,ภาคตะวันออกเฉียงเหนือ,เมืองรอง
Si Sa Ket,ศรีสะเกษ,TH33,Thailand,ประเทศไทย,TH,ภาคตะวันออกเฉียงเหนือ,ภาคตะวันออกเฉียงเหนือ,เมืองรอง
Si Sa Ket,ศรีสะเกษ,TH33,Thailand,ประเทศไทย,TH,ภาคตะวันออกเฉียงเหนือ,ภาคตะวันออกเฉียงเหนือ,เมืองรอง
Si Sa Ket,ศรีสะเกษ,TH33,Thailand,ประเทศไทย,TH,ภาคตะวันออกเฉียงเหนือ,ภาคตะวันออกเฉียงเหนือ,เมืองรอง
Si Sa Ket,ศรีสะเกษ,TH33,Thailand,ประเทศไทย,TH,ภาคตะวันออกเฉียงเหนือ,ภาคตะวันออกเฉียงเหนือ,เมืองรอง
Si Sa Ket,ศรีสะเกษ,TH33,Thailand,ประเทศไทย,TH,ภาคตะวันออกเฉียงเหนือ,ภาคตะวันออกเฉียงเหนือ,เมืองรอง
Si Sa Ket,ศรีสะเกษ,TH33,Thailand,ประเทศไทย,TH,ภาคตะวันออกเฉียงเหนือ,ภาคตะวันออกเฉียงเหนือ,เมืองรอง
Si Sa Ket,ศรีสะเกษ,TH33,Thailand,ประเทศไทย,TH,ภาคตะวันออกเฉียงเหนือ,ภาคตะวันออกเฉียงเหนือ,เมืองรอง
Si Sa Ket,ศรีสะเกษ,TH33,Thailand,ประเทศไทย,TH,ภาคตะวันออกเฉียงเหนือ,ภาคตะวันออกเฉียงเหนือ,เมืองรอง
Si Sa Ket,ศรีสะเกษ,TH33,Thailand,ประเทศไทย,TH,ภาคตะวันออกเฉียงเหนือ,ภาคตะวันออกเฉียงเหนือ,เมืองรอง
Ubon Ratchathani,อุบลราชธานี,TH34,Thailand,ประเทศไทย,TH,ภาคตะวันออกเฉียงเหนือ,ภาคตะวันออกเฉียงเหนือ,เมืองรอง
Ubon Ratchathani,อุบลราชธานี,TH34,Thailand,ประเทศไทย,TH,ภาคตะวันออกเฉียงเหนือ,ภาคตะวันออกเฉียงเหนือ,เมืองรอง
Ubon Ratchathani,อุบลราชธานี,TH34,Thailand,ประเทศไทย,TH,ภาคตะวันออกเฉียงเหนือ,ภาคตะวันออกเฉียงเหนือ,เมืองรอง
Ubon Ratchathani,อุบลราชธานี,TH34,Thailand,ประเทศไทย,TH,ภาคตะวันออกเฉียงเหนือ,ภาคตะวันออกเฉียงเหนือ,เมืองรอง
Ubon Ratchathani,อุบลราชธานี,TH34,Thailand,ประเทศไทย,TH,ภาคตะวันออกเฉียงเหนือ,ภาคตะวันออกเฉียงเหนือ,เมืองรอง
Ubon Ratchathani,อุบลราชธานี,TH34,Thailand,ประเทศไทย,TH,ภาคตะวันออกเฉียงเหนือ,ภาคตะวันออกเฉียงเหนือ,เมืองรอง
Ubon Ratchathani,อุบลราชธานี,TH34,Thailand,ประเทศไทย,TH,ภาคตะวันออกเฉียงเหนือ,ภาคตะวันออกเฉียงเหนือ,เมืองรอง
Ubon Ratchathani,อุบลราชธานี,TH34,Thailand,ประเทศไทย,TH,ภาคตะวันออกเฉียงเหนือ,ภาคตะวันออกเฉียงเหนือ,เมืองรอง
Ubon Ratchathani,อุบลราชธานี,TH34,Thailand,ประเทศไทย,TH,ภาคตะวันออกเฉียงเหนือ,ภาคตะวันออกเฉียงเหนือ,เมืองรอง
Ubon Ratchathani,อุบลราชธานี,TH34,Thailand,ประเทศไทย,TH,ภาคตะวันออกเฉียงเหนือ,ภาคตะวันออกเฉียงเหนือ,เมืองรอง
Ubon Ratchathani,อุบลราชธานี,TH34,Thailand,ประเทศไทย,TH,ภาคตะวันออกเฉียงเหนือ,ภาคตะวันออกเฉียงเหนือ,เมืองรอง
Ubon Ratchathani,อุบลราชธานี,TH34,Thailand,ประเทศไทย,TH,ภาคตะวันออกเฉียงเหนือ,ภาคตะวันออกเฉียงเหนือ,เมืองรอง
Ubon Ratchathani,อุบลราชธานี,TH34,Thailand,ประเทศไทย,TH,ภาคตะวันออกเฉียงเหนือ,ภาคตะวันออกเฉียงเหนือ,เมืองรอง
Ubon Ratchathani,อุบลราชธานี,TH34,Thailand,ประเทศไทย,TH,ภาคตะวันออกเฉียงเหนือ,ภาคตะวันออกเฉียงเหนือ,เมืองรอง
Ubon Ratchathani,อุบลราชธานี,TH34,Thailand,ประเทศไทย,TH,ภาคตะวันออกเฉียงเหนือ,ภาคตะวันออกเฉียงเหนือ,เมืองรอง
Ubon Ratchathani,อุบลราชธานี,TH34,Thailand,ประเทศไทย,TH,ภาคตะวันออกเฉียงเหนือ,ภาคตะวันออกเฉียงเหนือ,เมืองรอง
Ubon Ratchathani,อุบลราชธานี,TH34,Thailand,ประเทศไทย,TH,ภาคตะวันออกเฉียงเหนือ,ภาคตะวันออกเฉียงเหนือ,เมืองรอง
Ubon Ratchathani,อุบลราชธานี,TH34,Thailand,ประเทศไทย,TH,ภาคตะวันออกเฉียงเหนือ,ภาคตะวันออกเฉียงเหนือ,เมืองรอง
Ubon Ratchathani,อุบลราชธานี,TH34,Thailand,ประเทศไทย,TH,ภาคตะวันออกเฉียงเหนือ,ภาคตะวันออกเฉียงเหนือ,เมืองรอง
Ubon Ratchathani,อุบลราชธานี,TH34,Thailand,ประเทศไทย,TH,ภาคตะวันออกเฉียงเหนือ,ภาคตะวันออกเฉียงเหนือ,เมืองรอง
Ubon Ratchathani,อุบลราชธานี,TH34,Thailand,ประเทศไทย,TH,ภาคตะวันออกเฉียงเหนือ,ภาคตะวันออกเฉียงเหนือ,เมืองรอง
Ubon Ratchathani,อุบลราชธานี,TH34,Thailand,ประเทศไทย,TH,ภาคตะวันออกเฉียงเหนือ,ภาคตะวันออกเฉียงเหนือ,เมืองรอง
Ubon Ratchathani,อุบลราชธานี,TH34,Thailand,ประเทศไทย,TH,ภาคตะวันออกเฉียงเหนือ,ภาคตะวันออกเฉียงเหนือ,เมืองรอง
Ubon Ratchathani,อุบลราชธานี,TH34,Thailand,ประเทศไทย,TH,ภาคตะวันออกเฉียงเหนือ,ภาคตะวันออกเฉียงเหนือ,เมืองรอง
Ubon Ratchathani,อุบลราชธานี,TH34,Thailand,ประเทศไทย,TH,ภาคตะวันออกเฉียงเหนือ,ภาคตะวันออกเฉียงเหนือ,เมืองรอง
Yasothon,ยโสธร,TH35,Thailand,ประเทศไทย,TH,ภาคตะวันออกเฉียงเหนือ,ภาคตะวันออกเฉียงเหนือ,เมืองรอง
Yasothon,ยโสธร,TH35,Thailand,ประเทศไทย,TH,ภาคตะวันออกเฉียงเหนือ,ภาคตะวันออกเฉียงเหนือ,เมืองรอง
Yasothon,ยโสธร,TH35,Thailand,ประเทศไทย,TH,ภาคตะวันออกเฉียงเหนือ,ภาคตะวันออกเฉียงเหนือ,เมืองรอง
Yasothon,ยโสธร,TH35,Thailand,ประเทศไทย,TH,ภาคตะวันออกเฉียงเหนือ,ภาคตะวันออกเฉียงเหนือ,เมืองรอง
Yasothon,ยโสธร,TH35,Thailand,ประเทศไทย,TH,ภาคตะวันออกเฉียงเหนือ,ภาคตะวันออกเฉียงเหนือ,เมืองรอง
Yasothon,ยโสธร,TH35,Thailand,ประเทศไทย,TH,ภาคตะวันออกเฉียงเหนือ,ภาคตะวันออกเฉียงเหนือ,เมืองรอง
Yasothon,ยโสธร,TH35,Thailand,ประเทศไทย,TH,ภาคตะวันออกเฉียงเหนือ,ภาคตะวันออกเฉียงเหนือ,เมืองรอง
Yasothon,ยโสธร,TH35,Thailand,ประเทศไทย,TH,ภาคตะวันออกเฉียงเหนือ,ภาคตะวันออกเฉียงเหนือ,เมืองรอง
Yasothon,ยโสธร,TH35,Thailand,ประเทศไทย,TH,ภาคตะวันออกเฉียงเหนือ,ภาคตะวันออกเฉียงเหนือ,เมืองรอง
Chaiyaphum,ชัยภูมิ,TH36,Thailand,ประเทศไทย,TH,ภาคตะวันออกเฉียงเหนือ,ภาคตะวันออกเฉียงเหนือ,เมืองรอง
Chaiyaphum,ชัยภูมิ,TH36,Thailand,ประเทศไทย,TH,ภาคตะวันออกเฉียงเหนือ,ภาคตะวันออกเฉียงเหนือ,เมืองรอง
Chaiyaphum,ชัยภูมิ,TH36,Thailand,ประเทศไทย,TH,ภาคตะวันออกเฉียงเหนือ,ภาคตะวันออกเฉียงเหนือ,เมืองรอง
Chaiyaphum,ชัยภูมิ,TH36,Thailand,ประเทศไทย,TH,ภาคตะวันออกเฉียงเหนือ,ภาคตะวันออกเฉียงเหนือ,เมืองรอง
Chaiyaphum,ชัยภูมิ,TH36,Thailand,ประเทศไทย,TH,ภาคตะวันออกเฉียงเหนือ,ภาคตะวันออกเฉียงเหนือ,เมืองรอง
Chaiyaphum,ชัยภูมิ,TH36,Thailand,ประเทศไทย,TH,ภาคตะวันออกเฉียงเหนือ,ภาคตะวันออกเฉียงเหนือ,เมืองรอง
Chaiyaphum,ชัยภูมิ,TH36,Thailand,ประเทศไทย,TH,ภาคตะวันออกเฉียงเหนือ,ภาคตะวันออกเฉียงเหนือ,เมืองรอง
Chaiyaphum,ชัยภูมิ,TH36,Thailand,ประเทศไทย,TH,ภาคตะวันออกเฉียงเหนือ,ภาคตะวันออกเฉียงเหนือ,เมืองรอง
Chaiyaphum,ชัยภูมิ,TH36,Thailand,ประเทศไทย,TH,ภาคตะวันออกเฉียงเหนือ,ภาคตะวันออกเฉียงเหนือ,เมืองรอง
Chaiyaphum,ชัยภูมิ,TH36,Thailand,ประเทศไทย,TH,ภาคตะวันออกเฉียงเหนือ,ภาคตะวันออกเฉียงเหนือ,เมืองรอง
Chaiyaphum,ชัยภูมิ,TH36,Thailand,ประเทศไทย,TH,ภาคตะวันออกเฉียงเหนือ,ภาคตะวันออกเฉียงเหนือ,เมืองรอง
Chaiyaphum,ชัยภูมิ,TH36,Thailand,ประเทศไทย,TH,ภาคตะวันออกเฉียงเหนือ,ภาคตะวันออกเฉียงเหนือ,เมืองรอง
Chaiyaphum,ชัยภูมิ,TH36,Thailand,ประเทศไทย,TH,ภาคตะวันออกเฉียงเหนือ,ภาคตะวันออกเฉียงเหนือ,เมืองรอง
Chaiyaphum,ชัยภูมิ,TH36,Thailand,ประเทศไทย,TH,ภาคตะวันออกเฉียงเหนือ,ภาคตะวันออกเฉียงเหนือ,เมืองรอง
Chaiyaphum,ชัยภูมิ,TH36,Thailand,ประเทศไทย,TH,ภาคตะวันออกเฉียงเหนือ,ภาคตะวันออกเฉียงเหนือ,เมืองรอง
Chaiyaphum,ชัยภูมิ,TH36,Thailand,ประเทศไทย,TH,ภาคตะวันออกเฉียงเหนือ,ภาคตะวันออกเฉียงเหนือ,เมืองรอง
Amnat Charoen,อำนาจเจริญ,TH37,Thailand,ประเทศไทย,TH,ภาคตะวันออกเฉียงเหนือ,ภาคตะวันออกเฉียงเหนือ,เมืองรอง
Amnat Charoen,อำนาจเจริญ,TH37,Thailand,ประเทศไทย,TH,ภาคตะวันออกเฉียงเหนือ,ภาคตะวันออกเฉียงเหนือ,เมืองรอง
Amnat Charoen,อำนาจเจริญ,TH37,Thailand,ประเทศไทย,TH,ภาคตะวันออกเฉียงเหนือ,ภาคตะวันออกเฉียงเหนือ,เมืองรอง
Amnat Charoen,อำนาจเจริญ,TH37,Thailand,ประเทศไทย,TH,ภาคตะวันออกเฉียงเหนือ,ภาคตะวันออกเฉียงเหนือ,เมืองรอง
Amnat Charoen,อำนาจเจริญ,TH37,Thailand,ประเทศไทย,TH,ภาคตะวันออกเฉียงเหนือ,ภาคตะวันออกเฉียงเหนือ,เมืองรอง
Amnat Charoen,อำนาจเจริญ,TH37,Thailand,ประเทศไทย,TH,ภาคตะวันออกเฉียงเหนือ,ภาคตะวันออกเฉียงเหนือ,เมืองรอง
Amnat Charoen,อำนาจเจริญ,TH37,Thailand,ประเทศไทย,TH,ภาคตะวันออกเฉียงเหนือ,ภาคตะวันออกเฉียงเหนือ,เมืองรอง
Bueng Kan,บึงกาฬ,TH38,Thailand,ประเทศไทย,TH,ภาคตะวันออกเฉียงเหนือ,ภาคตะวันออกเฉียงเหนือ,เมืองรอง
Bueng Kan,บึงกาฬ,TH38,Thailand,ประเทศไทย,TH,ภาคตะวันออกเฉียงเหนือ,ภาคตะวันออกเฉียงเหนือ,เมืองรอง
Bueng Kan,บึงกาฬ,TH38,Thailand,ประเทศไทย,TH,ภาคตะวันออกเฉียงเหนือ,ภาคตะวันออกเฉียงเหนือ,เมืองรอง
Bueng Kan,บึงกาฬ,TH38,Thailand,ประเทศไทย,TH,ภาคตะวันออกเฉียงเหนือ,ภาคตะวันออกเฉียงเหนือ,เมืองรอง
Bueng Kan,บึงกาฬ,TH38,Thailand,ประเทศไทย,TH,ภาคตะวันออกเฉียงเหนือ,ภาคตะวันออกเฉียงเหนือ,เมืองรอง
Bueng Kan,บึงกาฬ,TH38,Thailand,ประเทศไทย,TH,ภาคตะวันออกเฉียงเหนือ,ภาคตะวันออกเฉียงเหนือ,เมืองรอง
Bueng Kan,บึงกาฬ,TH38,Thailand,ประเทศไทย,TH,ภาคตะวันออกเฉียงเหนือ,ภาคตะวันออกเฉียงเหนือ,เมืองรอง
Bueng Kan,บึงกาฬ,TH38,Thailand,ประเทศไทย,TH,ภาคตะวันออกเฉียงเหนือ,ภาคตะวันออกเฉียงเหนือ,เมืองรอง
Nong Bua Lam Phu,หนองบัวลำภู,TH39,Thailand,ประเทศไทย,TH,ภาคตะวันออกเฉียงเหนือ,ภาคตะวันออกเฉียงเหนือ,เมืองรอง
Nong Bua Lam Phu,หนองบัวลำภู,TH39,Thailand,ประเทศไทย,TH,ภาคตะวันออกเฉียงเหนือ,ภาคตะวันออกเฉียงเหนือ,เมืองรอง
Nong Bua Lam Phu,หนองบัวลำภู,TH39,Thailand,ประเทศไทย,TH,ภาคตะวันออกเฉียงเหนือ,ภาคตะวันออกเฉียงเหนือ,เมืองรอง
Nong Bua Lam Phu,หนองบัวลำภู,TH39,Thailand,ประเทศไทย,TH,ภาคตะวันออกเฉียงเหนือ,ภาคตะวันออกเฉียงเหนือ,เมืองรอง
Nong Bua Lam Phu,หนองบัวลำภู,TH39,Thailand,ประเทศไทย,TH,ภาคตะวันออกเฉียงเหนือ,ภาคตะวันออกเฉียงเหนือ,เมืองรอง
Nong Bua Lam Phu,หนองบัวลำภู,TH39,Thailand,ประเทศไทย,TH,ภาคตะวันออกเฉียงเหนือ,ภาคตะวันออกเฉียงเหนือ,เมืองรอง
Khon Kaen,ขอนแก่น,TH40,Thailand,ประเทศไทย,TH,ภาคตะวันออกเฉียงเหนือ,ภาคตะวันออกเฉียงเหนือ,เมืองหลัก
Khon Kaen,ขอนแก่น,TH40,Thailand,ประเทศไทย,TH,ภาคตะวันออกเฉียงเหนือ,ภาคตะวันออกเฉียงเหนือ,เมืองหลัก
Khon Kaen,ขอนแก่น,TH40,Thailand,ประเทศไทย,TH,ภาคตะวันออกเฉียงเหนือ,ภาคตะวันออกเฉียงเหนือ,เมืองหลัก
Khon Kaen,ขอนแก่น,TH40,Thailand,ประเทศไทย,TH,ภาคตะวันออกเฉียงเหนือ,ภาคตะวันออกเฉียงเหนือ,เมืองหลัก
Khon Kaen,ขอนแก่น,TH40,Thailand,ประเทศไทย,TH,ภาคตะวันออกเฉียงเหนือ,ภาคตะวันออกเฉียงเหนือ,เมืองหลัก
Khon Kaen,ขอนแก่น,TH40,Thailand,ประเทศไทย,TH,ภาคตะวันออกเฉียงเหนือ,ภาคตะวันออกเฉียงเหนือ,เมืองหลัก
Khon Kaen,ขอนแก่น,TH40,Thailand,ประเทศไทย,TH,ภาคตะวันออกเฉียงเหนือ,ภาคตะวันออกเฉียงเหนือ,เมืองหลัก
Khon Kaen,ขอนแก่น,TH40,Thailand,ประเทศไทย,TH,ภาคตะวันออกเฉียงเหนือ,ภาคตะวันออกเฉียงเหนือ,เมืองหลัก
Khon Kaen,ขอนแก่น,TH40,Thailand,ประเทศไทย,TH,ภาคตะวันออกเฉียงเหนือ,ภาคตะวันออกเฉียงเหนือ,เมืองหลัก
Khon Kaen,ขอนแก่น,TH40,Thailand,ประเทศไทย,TH,ภาคตะวันออกเฉียงเหนือ,ภาคตะวันออกเฉียงเหนือ,เมืองหลัก
Khon Kaen,ขอนแก่น,TH40,Thailand,ประเทศไทย,TH,ภาคตะวันออกเฉียงเหนือ,ภาคตะวันออกเฉียงเหนือ,เมืองหลัก
Khon Kaen,ขอนแก่น,TH40,Thailand,ประเทศไทย,TH,ภาคตะวันออกเฉียงเหนือ,ภาคตะวันออกเฉียงเหนือ,เมืองหลัก
Khon Kaen,ขอนแก่น,TH40,Thailand,ประเทศไทย,TH,ภาคตะวันออกเฉียงเหนือ,ภาคตะวันออกเฉียงเหนือ,เมืองหลัก
Khon Kaen,ขอนแก่น,TH40,Thailand,ประเทศไทย,TH,ภาคตะวันออกเฉียงเหนือ,ภาคตะวันออกเฉียงเหนือ,เมืองหลัก
Khon Kaen,ขอนแก่น,TH40,Thailand,ประเทศไทย,TH,ภาคตะวันออกเฉียงเหนือ,ภาคตะวันออกเฉียงเหนือ,เมืองหลัก
Khon Kaen,ขอนแก่น,TH40,Thailand,ประเทศไทย,TH,ภาคตะวันออกเฉียงเหนือ,ภาคตะวันออกเฉียงเหนือ,เมืองหลัก
Khon Kaen,ขอนแก่น,TH40,Thailand,ประเทศไทย,TH,ภาคตะวันออกเฉียงเหนือ,ภาคตะวันออกเฉียงเหนือ,เมืองหลัก
Khon Kaen,ขอนแก่น,TH40,Thailand,ประเทศไทย,TH,ภาคตะวันออกเฉียงเหนือ,ภาคตะวันออกเฉียงเหนือ,เมืองหลัก
Khon Kaen,ขอนแก่น,TH40,Thailand,ประเทศไทย,TH,ภาคตะวันออกเฉียงเหนือ,ภาคตะวันออกเฉียงเหนือ,เมืองหลัก
Khon Kaen,ขอนแก่น,TH40,Thailand,ประเทศไทย,TH,ภาคตะวันออกเฉียงเหนือ,ภาคตะวันออกเฉียงเหนือ,เมืองหลัก
Khon Kaen,ขอนแก่น,TH40,Thailand,ประเทศไทย,TH,ภาคตะวันออกเฉียงเหนือ,ภาคตะวันออกเฉียงเหนือ,เมืองหลัก
Khon Kaen,ขอนแก่น,TH40,Thailand,ประเทศไทย,TH,ภาคตะวันออกเฉียงเหนือ,ภาคตะวันออกเฉียงเหนือ,เมืองหลัก
Khon Kaen,ขอนแก่น,TH40,Thailand,ประเทศไทย,TH,ภาคตะวันออกเฉียงเหนือ,ภาคตะวันออกเฉียงเหนือ,เมืองหลัก
Khon Kaen,ขอนแก่น,TH40,Thailand,ประเทศไทย,TH,ภาคตะวันออกเฉียงเหนือ,ภาคตะวันออกเฉียงเหนือ,เมืองหลัก
Khon Kaen,ขอนแก่น,TH40,Thailand,ประเทศไทย,TH,ภาคตะวันออกเฉียงเหนือ,ภาคตะวันออกเฉียงเหนือ,เมืองหลัก
Khon Kaen,ขอนแก่น,TH40,Thailand,ประเทศไทย,TH,ภาคตะวันออกเฉียงเหนือ,ภาคตะวันออกเฉียงเหนือ,เมืองหลัก
Udon Thani,อุดรธานี,TH41,Thailand,ประเทศไทย,TH,ภาคตะวันออกเฉียงเหนือ,ภาคตะวันออกเฉียงเหนือ,เมืองรอง
Udon Thani,อุดรธานี,TH41,Thailand,ประเทศไทย,TH,ภาคตะวันออกเฉียงเหนือ,ภาคตะวันออกเฉียงเหนือ,เมืองรอง
Udon Thani,อุดรธานี,TH41,Thailand,ประเทศไทย,TH,ภาคตะวันออกเฉียงเหนือ,ภาคตะวันออกเฉียงเหนือ,เมืองรอง
Udon Thani,อุดรธานี,TH41,Thailand,ประเทศไทย,TH,ภาคตะวันออกเฉียงเหนือ,ภาคตะวันออกเฉียงเหนือ,เมืองรอง
Udon Thani,อุดรธานี,TH41,Thailand,ประเทศไทย,TH,ภาคตะวันออกเฉียงเหนือ,ภาคตะวันออกเฉียงเหนือ,เมืองรอง
Udon Thani,อุดรธานี,TH41,Thailand,ประเทศไทย,TH,ภาคตะวันออกเฉียงเหนือ,ภาคตะวันออกเฉียงเหนือ,เมืองรอง
Udon Thani,อุดรธานี,TH41,Thailand,ประเทศไทย,TH,ภาคตะวันออกเฉียงเหนือ,ภาคตะวันออกเฉียงเหนือ,เมืองรอง
Udon Thani,อุดรธานี,TH41,Thailand,ประเทศไทย,TH,ภาคตะวันออกเฉียงเหนือ,ภาคตะวันออกเฉียงเหนือ,เมืองรอง
Udon Thani,อุดรธานี,TH41,Thailand,ประเทศไทย,TH,ภาคตะวันออกเฉียงเหนือ,ภาคตะวันออกเฉียงเหนือ,เมืองรอง
Udon Thani,อุดรธานี,TH41,Thailand,ประเทศไทย,TH,ภาคตะวันออกเฉียงเหนือ,ภาคตะวันออกเฉียงเหนือ,เมืองรอง
Udon Thani,อุดรธานี,TH41,Thailand,ประเทศไทย,TH,ภาคตะวันออกเฉียงเหนือ,ภาคตะวันออกเฉียงเหนือ,เมืองรอง
Udon Thani,อุดรธานี,TH41,Thailand,ประเทศไทย,TH,ภาคตะวันออกเฉียงเหนือ,ภาคตะวันออกเฉียงเหนือ,เมืองรอง
Udon Thani,อุดรธานี,TH41,Thailand,ประเทศไทย,TH,ภาคตะวันออกเฉียงเหนือ,ภาคตะวันออกเฉียงเหนือ,เมืองรอง
Udon Thani,อุดรธานี,TH41,Thailand,ประเทศไทย,TH,ภาคตะวันออกเฉียงเหนือ,ภาคตะวันออกเฉียงเหนือ,เมืองรอง
Udon Thani,อุดรธานี,TH41,Thailand,ประเทศไทย,TH,ภาคตะวันออกเฉียงเหนือ,ภาคตะวันออกเฉียงเหนือ,เมืองรอง
Udon Thani,อุดรธานี,TH41,Thailand,ประเทศไทย,TH,ภาคตะวันออกเฉียงเหนือ,ภาคตะวันออกเฉียงเหนือ,เมืองรอง
Udon Thani,อุดรธานี,TH41,Thailand,ประเทศไทย,TH,ภาคตะวันออกเฉียงเหนือ,ภาคตะวันออกเฉียงเหนือ,เมืองรอง
Udon Thani,อุดรธานี,TH41,Thailand,ประเทศไทย,TH,ภาคตะวันออกเฉียงเหนือ,ภาคตะวันออกเฉียงเหนือ,เมืองรอง
Udon Thani,อุดรธานี,TH41,Thailand,ประเทศไทย,TH,ภาคตะวันออกเฉียงเหนือ,ภาคตะวันออกเฉียงเหนือ,เมืองรอง
Udon Thani,อุดรธานี,TH41,Thailand,ประเทศไทย,TH,ภาคตะวันออกเฉียงเหนือ,ภาคตะวันออกเฉียงเหนือ,เมืองรอง
Loei,เลย,TH42,Thailand,ประเทศไทย,TH,ภาคตะวันออกเฉียงเหนือ,ภาคตะวันออกเฉียงเหนือ,เมืองรอง
Loei,เลย,TH42,Thailand,ประเทศไทย,TH,ภาคตะวันออกเฉียงเหนือ,ภาคตะวันออกเฉียงเหนือ,เมืองรอง
Loei,เลย,TH42,Thailand,ประเทศไทย,TH,ภาคตะวันออกเฉียงเหนือ,ภาคตะวันออกเฉียงเหนือ,เมืองรอง
Loei,เลย,TH42,Thailand,ประเทศไทย,TH,ภาคตะวันออกเฉียงเหนือ,ภาคตะวันออกเฉียงเหนือ,เมืองรอง
Loei,เลย,TH42,Thailand,ประเทศไทย,TH,ภาคตะวันออกเฉียงเหนือ,ภาคตะวันออกเฉียงเหนือ,เมืองรอง
Loei,เลย,TH42,Thailand,ประเทศไทย,TH,ภาคตะวันออกเฉียงเหนือ,ภาคตะวันออกเฉียงเหนือ,เมืองรอง
Loei,เลย,TH42,Thailand,ประเทศไทย,TH,ภาคตะวันออกเฉียงเหนือ,ภาคตะวันออกเฉียงเหนือ,เมืองรอง
Loei,เลย,TH42,Thailand,ประเทศไทย,TH,ภาคตะวันออกเฉียงเหนือ,ภาคตะวันออกเฉียงเหนือ,เมืองรอง
Loei,เลย,TH42,Thailand,ประเทศไทย,TH,ภาคตะวันออกเฉียงเหนือ,ภาคตะวันออกเฉียงเหนือ,เมืองรอง
Loei,เลย,TH42,Thailand,ประเทศไทย,TH,ภาคตะวันออกเฉียงเหนือ,ภาคตะวันออกเฉียงเหนือ,เมืองรอง
Loei,เลย,TH42,Thailand,ประเทศไทย,TH,ภาคตะวันออกเฉียงเหนือ,ภาคตะวันออกเฉียงเหนือ,เมืองรอง
Loei,เลย,TH42,Thailand,ประเทศไทย,TH,ภาคตะวันออกเฉียงเหนือ,ภาคตะวันออกเฉียงเหนือ,เมืองรอง
Loei,เลย,TH42,Thailand,ประเทศไทย,TH,ภาคตะวันออกเฉียงเหนือ,ภาคตะวันออกเฉียงเหนือ,เมืองรอง
Loei,เลย,TH42,Thailand,ประเทศไทย,TH,ภาคตะวันออกเฉียงเหนือ,ภาคตะวันออกเฉียงเหนือ,เมืองรอง
Nong Khai,หนองคาย,TH43,Thailand,ประเทศไทย,TH,ภาคตะวันออกเฉียงเหนือ,ภาคตะวันออกเฉียงเหนือ,เมืองรอง
Nong Khai,หนองคาย,TH43,Thailand,ประเทศไทย,TH,ภาคตะวันออกเฉียงเหนือ,ภาคตะวันออกเฉียงเหนือ,เมืองรอง
Nong Khai,หนองคาย,TH43,Thailand,ประเทศไทย,TH,ภาคตะวันออกเฉียงเหนือ,ภาคตะวันออกเฉียงเหนือ,เมืองรอง
Nong Khai,หนองคาย,TH43,Thailand,ประเทศไทย,TH,ภาคตะวันออกเฉียงเหนือ,ภาคตะวันออกเฉียงเหนือ,เมืองรอง
Nong Khai,หนองคาย,TH43,Thailand,ประเทศไทย,TH,ภาคตะวันออกเฉียงเหนือ,ภาคตะวันออกเฉียงเหนือ,เมืองรอง
Nong Khai,หนองคาย,TH43,Thailand,ประเทศไทย,TH,ภาคตะวันออกเฉียงเหนือ,ภาคตะวันออกเฉียงเหนือ,เมืองรอง
Nong Khai,หนองคาย,TH43,Thailand,ประเทศไทย,TH,ภาคตะวันออกเฉียงเหนือ,ภาคตะวันออกเฉียงเหนือ,เมืองรอง
Nong Khai,หนองคาย,TH43,Thailand,ประเทศไทย,TH,ภาคตะวันออกเฉียงเหนือ,ภาคตะวันออกเฉียงเหนือ,เมืองรอง
Nong Khai,หนองคาย,TH43,Thailand,ประเทศไทย,TH,ภาคตะวันออกเฉียงเหนือ,ภาคตะวันออกเฉียงเหนือ,เมืองรอง
Maha Sarakham,มหาสารคาม,TH44,Thailand,ประเทศไทย,TH,ภาคตะวันออกเฉียงเหนือ,ภาคตะวันออกเฉียงเหนือ,เมืองรอง
Maha Sarakham,มหาสารคาม,TH44,Thailand,ประเทศไทย,TH,ภาคตะวันออกเฉียงเหนือ,ภาคตะวันออกเฉียงเหนือ,เมืองรอง
Maha Sarakham,มหาสารคาม,TH44,Thailand,ประเทศไทย,TH,ภาคตะวันออกเฉียงเหนือ,ภาคตะวันออกเฉียงเหนือ,เมืองรอง
Maha Sarakham,มหาสารคาม,TH44,Thailand,ประเทศไทย,TH,ภาคตะวันออกเฉียงเหนือ,ภาคตะวันออกเฉียงเหนือ,เมืองรอง
Maha Sarakham,มหาสารคาม,TH44,Thailand,ประเทศไทย,TH,ภาคตะวันออกเฉียงเหนือ,ภาคตะวันออกเฉียงเหนือ,เมืองรอง
Maha Sarakham,มหาสารคาม,TH44,Thailand,ประเทศไทย,TH,ภาคตะวันออกเฉียงเหนือ,ภาคตะวันออกเฉียงเหนือ,เมืองรอง
Maha Sarakham,มหาสารคาม,TH44,Thailand,ประเทศไทย,TH,ภาคตะวันออกเฉียงเหนือ,ภาคตะวันออกเฉียงเหนือ,เมืองรอง
Maha Sarakham,มหาสารคาม,TH44,Thailand,ประเทศไทย,TH,ภาคตะวันออกเฉียงเหนือ,ภาคตะวันออกเฉียงเหนือ,เมืองรอง
Maha Sarakham,มหาสารคาม,TH44,Thailand,ประเทศไทย,TH,ภาคตะวันออกเฉียงเหนือ,ภาคตะวันออกเฉียงเหนือ,เมืองรอง
Maha Sarakham,มหาสารคาม,TH44,Thailand,ประเทศไทย,TH,ภาคตะวันออกเฉียงเหนือ,ภาคตะวันออกเฉียงเหนือ,เมืองรอง
Maha Sarakham,มหาสารคาม,TH44,Thailand,ประเทศไทย,TH,ภาคตะวันออกเฉียงเหนือ,ภาคตะวันออกเฉียงเหนือ,เมืองรอง
Maha Sarakham,มหาสารคาม,TH44,Thailand,ประเทศไทย,TH,ภาคตะวันออกเฉียงเหนือ,ภาคตะวันออกเฉียงเหนือ,เมืองรอง
Maha Sarakham,มหาสารคาม,TH44,Thailand,ประเทศไทย,TH,ภาคตะวันออกเฉียงเหนือ,ภาคตะวันออกเฉียงเหนือ,เมืองรอง
Roi Et,ร้อยเอ็ด,TH45,Thailand,ประเทศไทย,TH,ภาคตะวันออกเฉียงเหนือ,ภาคตะวันออกเฉียงเหนือ,เมืองรอง
Roi Et,ร้อยเอ็ด,TH45,Thailand,ประเทศไทย,TH,ภาคตะวันออกเฉียงเหนือ,ภาคตะวันออกเฉียงเหนือ,เมืองรอง
Roi Et,ร้อยเอ็ด,TH45,Thailand,ประเทศไทย,TH,ภาคตะวันออกเฉียงเหนือ,ภาคตะวันออกเฉียงเหนือ,เมืองรอง
Roi Et,ร้อยเอ็ด,TH45,Thailand,ประเทศไทย,TH,ภาคตะวันออกเฉียงเหนือ,ภาคตะวันออกเฉียงเหนือ,เมืองรอง
Roi Et,ร้อยเอ็ด,TH45,Thailand,ประเทศไทย,TH,ภาคตะวันออกเฉียงเหนือ,ภาคตะวันออกเฉียงเหนือ,เมืองรอง
Roi Et,ร้อยเอ็ด,TH45,Thailand,ประเทศไทย,TH,ภาคตะวันออกเฉียงเหนือ,ภาคตะวันออกเฉียงเหนือ,เมืองรอง
Roi Et,ร้อยเอ็ด,TH45,Thailand,ประเทศไทย,TH,ภาคตะวันออกเฉียงเหนือ,ภาคตะวันออกเฉียงเหนือ,เมืองรอง
Roi Et,ร้อยเอ็ด,TH45,Thailand,ประเทศไทย,TH,ภาคตะวันออกเฉียงเหนือ,ภาคตะวันออกเฉียงเหนือ,เมืองรอง
Roi Et,ร้อยเอ็ด,TH45,Thailand,ประเทศไทย,TH,ภาคตะวันออกเฉียงเหนือ,ภาคตะวันออกเฉียงเหนือ,เมืองรอง
Roi Et,ร้อยเอ็ด,TH45,Thailand,ประเทศไทย,TH,ภาคตะวันออกเฉียงเหนือ,ภาคตะวันออกเฉียงเหนือ,เมืองรอง
Roi Et,ร้อยเอ็ด,TH45,Thailand,ประเทศไทย,TH,ภาคตะวันออกเฉียงเหนือ,ภาคตะวันออกเฉียงเหนือ,เมืองรอง
Roi Et,ร้อยเอ็ด,TH45,Thailand,ประเทศไทย,TH,ภาคตะวันออกเฉียงเหนือ,ภาคตะวันออกเฉียงเหนือ,เมืองรอง
Roi Et,ร้อยเอ็ด,TH45,Thailand,ประเทศไทย,TH,ภาคตะวันออกเฉียงเหนือ,ภาคตะวันออกเฉียงเหนือ,เมืองรอง
Roi Et,ร้อยเอ็ด,TH45,Thailand,ประเทศไทย,TH,ภาคตะวันออกเฉียงเหนือ,ภาคตะวันออกเฉียงเหนือ,เมืองรอง
Roi Et,ร้อยเอ็ด,TH45,Thailand,ประเทศไทย,TH,ภาคตะวันออกเฉียงเหนือ,ภาคตะวันออกเฉียงเหนือ,เมืองรอง
Roi Et,ร้อยเอ็ด,TH45,Thailand,ประเทศไทย,TH,ภาคตะวันออกเฉียงเหนือ,ภาคตะวันออกเฉียงเหนือ,เมืองรอง
Roi Et,ร้อยเอ็ด,TH45,Thailand,ประเทศไทย,TH,ภาคตะวันออกเฉียงเหนือ,ภาคตะวันออกเฉียงเหนือ,เมืองรอง
Roi Et,ร้อยเอ็ด,TH45,Thailand,ประเทศไทย,TH,ภาคตะวันออกเฉียงเหนือ,ภาคตะวันออกเฉียงเหนือ,เมืองรอง
Roi Et,ร้อยเอ็ด,TH45,Thailand,ประเทศไทย,TH,ภาคตะวันออกเฉียงเหนือ,ภาคตะวันออกเฉียงเหนือ,เมืองรอง
Roi Et,ร้อยเอ็ด,TH45,Thailand,ประเทศไทย,TH,ภาคตะวันออกเฉียงเหนือ,ภาคตะวันออกเฉียงเหนือ,เมืองรอง
Kalasin,กาฬสินธุ์,TH46,Thailand,ประเทศไทย,TH,ภาคตะวันออกเฉียงเหนือ,ภาคตะวันออกเฉียงเหนือ,เมืองรอง
Kalasin,กาฬสินธุ์,TH46,Thailand,ประเทศไทย,TH,ภาคตะวันออกเฉียงเหนือ,ภาคตะวันออกเฉียงเหนือ,เมืองรอง
Kalasin,กาฬสินธุ์,TH46,Thailand,ประเทศไทย,TH,ภาคตะวันออกเฉียงเหนือ,ภาคตะวันออกเฉียงเหนือ,เมืองรอง
Kalasin,กาฬสินธุ์,TH46,Thailand,ประเทศไทย,TH,ภาคตะวันออกเฉียงเหนือ,ภาคตะวันออกเฉียงเหนือ,เมืองรอง
Kalasin,กาฬสินธุ์,TH46,Thailand,ประเทศไทย,TH,ภาคตะวันออกเฉียงเหนือ,ภาคตะวันออกเฉียงเหนือ,เมืองรอง
Kalasin,กาฬสินธุ์,TH46,Thailand,ประเทศไทย,TH,ภาคตะวันออกเฉียงเหนือ,ภาคตะวันออกเฉียงเหนือ,เมืองรอง
Kalasin,กาฬสินธุ์,TH46,Thailand,ประเทศไทย,TH,ภาคตะวันออกเฉียงเหนือ,ภาคตะวันออกเฉียงเหนือ,เมืองรอง
Kalasin,กาฬสินธุ์,TH46,Thailand,ประเทศไทย,TH,ภาคตะวันออกเฉียงเหนือ,ภาคตะวันออกเฉียงเหนือ,เมืองรอง
Kalasin,กาฬสินธุ์,TH46,Thailand,ประเทศไทย,TH,ภาคตะวันออกเฉียงเหนือ,ภาคตะวันออกเฉียงเหนือ,เมืองรอง
Kalasin,กาฬสินธุ์,TH46,Thailand,ประเทศไทย,TH,ภาคตะวันออกเฉียงเหนือ,ภาคตะวันออกเฉียงเหนือ,เมืองรอง
Kalasin,กาฬสินธุ์,TH46,Thailand,ประเทศไทย,TH,ภาคตะวันออกเฉียงเหนือ,ภาคตะวันออกเฉียงเหนือ,เมืองรอง
Kalasin,กาฬสินธุ์,TH46,Thailand,ประเทศไทย,TH,ภาคตะวันออกเฉียงเหนือ,ภาคตะวันออกเฉียงเหนือ,เมืองรอง
Kalasin,กาฬสินธุ์,TH46,Thailand,ประเทศไทย,TH,ภาคตะวันออกเฉียงเหนือ,ภาคตะวันออกเฉียงเหนือ,เมืองรอง
Kalasin,กาฬสินธุ์,TH46,Thailand,ประเทศไทย,TH,ภาคตะวันออกเฉียงเหนือ,ภาคตะวันออกเฉียงเหนือ,เมืองรอง
Kalasin,กาฬสินธุ์,TH46,Thailand,ประเทศไทย,TH,ภาคตะวันออกเฉียงเหนือ,ภาคตะวันออกเฉียงเหนือ,เมืองรอง
Kalasin,กาฬสินธุ์,TH46,Thailand,ประเทศไทย,TH,ภาคตะวันออกเฉียงเหนือ,ภาคตะวันออกเฉียงเหนือ,เมืองรอง
Kalasin,กาฬสินธุ์,TH46,Thailand,ประเทศไทย,TH,ภาคตะวันออกเฉียงเหนือ,ภาคตะวันออกเฉียงเหนือ,เมืองรอง
Kalasin,กาฬสินธุ์,TH46,Thailand,ประเทศไทย,TH,ภาคตะวันออกเฉียงเหนือ,ภาคตะวันออกเฉียงเหนือ,เมืองรอง
Sakon Nakhon,สกลนคร,TH47,Thailand,ประเทศไทย,TH,ภาคตะวันออกเฉียงเหนือ,ภาคตะวันออกเฉียงเหนือ,เมืองรอง
Sakon Nakhon,สกลนคร,TH47,Thailand,ประเทศไทย,TH,ภาคตะวันออกเฉียงเหนือ,ภาคตะวันออกเฉียงเหนือ,เมืองรอง
Sakon Nakhon,สกลนคร,TH47,Thailand,ประเทศไทย,TH,ภาคตะวันออกเฉียงเหนือ,ภาคตะวันออกเฉียงเหนือ,เมืองรอง
Sakon Nakhon,สกลนคร,TH47,Thailand,ประเทศไทย,TH,ภาคตะวันออกเฉียงเหนือ,ภาคตะวันออกเฉียงเหนือ,เมืองรอง
Sakon Nakhon,สกลนคร,TH47,Thailand,ประเทศไทย,TH,ภาคตะวันออกเฉียงเหนือ,ภาคตะวันออกเฉียงเหนือ,เมืองรอง
Sakon Nakhon,สกลนคร,TH47,Thailand,ประเทศไทย,TH,ภาคตะวันออกเฉียงเหนือ,ภาคตะวันออกเฉียงเหนือ,เมืองรอง
Sakon Nakhon,สกลนคร,TH47,Thailand,ประเทศไทย,TH,ภาคตะวันออกเฉียงเหนือ,ภาคตะวันออกเฉียงเหนือ,เมืองรอง
Sakon Nakhon,สกลนคร,TH47,Thailand,ประเทศไทย,TH,ภาคตะวันออกเฉียงเหนือ,ภาคตะวันออกเฉียงเหนือ,เมืองรอง
Sakon Nakhon,สกลนคร,TH47,Thailand,ประเทศไทย,TH,ภาคตะวันออกเฉียงเหนือ,ภาคตะวันออกเฉียงเหนือ,เมืองรอง
Sakon Nakhon,สกลนคร,TH47,Thailand,ประเทศไทย,TH,ภาคตะวันออกเฉียงเหนือ,ภาคตะวันออกเฉียงเหนือ,เมืองรอง
Sakon Nakhon,สกลนคร,TH47,Thailand,ประเทศไทย,TH,ภาคตะวันออกเฉียงเหนือ,ภาคตะวันออกเฉียงเหนือ,เมืองรอง
Sakon Nakhon,สกลนคร,TH47,Thailand,ประเทศไทย,TH,ภาคตะวันออกเฉียงเหนือ,ภาคตะวันออกเฉียงเหนือ,เมืองรอง
Sakon Nakhon,สกลนคร,TH47,Thailand,ประเทศไทย,TH,ภาคตะวันออกเฉียงเหนือ,ภาคตะวันออกเฉียงเหนือ,เมืองรอง
Sakon Nakhon,สกลนคร,TH47,Thailand,ประเทศไทย,TH,ภาคตะวันออกเฉียงเหนือ,ภาคตะวันออกเฉียงเหนือ,เมืองรอง
Sakon Nakhon,สกลนคร,TH47,Thailand,ประเทศไทย,TH,ภาคตะวันออกเฉียงเหนือ,ภาคตะวันออกเฉียงเหนือ,เมืองรอง
Sakon Nakhon,สกลนคร,TH47,Thailand,ประเทศไทย,TH,ภาคตะวันออกเฉียงเหนือ,ภาคตะวันออกเฉียงเหนือ,เมืองรอง
Sakon Nakhon,สกลนคร,TH47,Thailand,ประเทศไทย,TH,ภาคตะวันออกเฉียงเหนือ,ภาคตะวันออกเฉียงเหนือ,เมืองรอง
Sakon Nakhon,สกลนคร,TH47,Thailand,ประเทศไทย,TH,ภาคตะวันออกเฉียงเหนือ,ภาคตะวันออกเฉียงเหนือ,เมืองรอง
Nakhon Phanom,นครพนม,TH48,Thailand,ประเทศไทย,TH,ภาคตะวันออกเฉียงเหนือ,ภาคตะวันออกเฉียงเหนือ,เมืองรอง
Nakhon Phanom,นครพนม,TH48,Thailand,ประเทศไทย,TH,ภาคตะวันออกเฉียงเหนือ,ภาคตะวันออกเฉียงเหนือ,เมืองรอง
Nakhon Phanom,นครพนม,TH48,Thailand,ประเทศไทย,TH,ภาคตะวันออกเฉียงเหนือ,ภาคตะวันออกเฉียงเหนือ,เมืองรอง
Nakhon Phanom,นครพนม,TH48,Thailand,ประเทศไทย,TH,ภาคตะวันออกเฉียงเหนือ,ภาคตะวันออกเฉียงเหนือ,เมืองรอง
Nakhon Phanom,นครพนม,TH48,Thailand,ประเทศไทย,TH,ภาคตะวันออกเฉียงเหนือ,ภาคตะวันออกเฉียงเหนือ,เมืองรอง
Nakhon Phanom,นครพนม,TH48,Thailand,ประเทศไทย,TH,ภาคตะวันออกเฉียงเหนือ,ภาคตะวันออกเฉียงเหนือ,เมืองรอง
Nakhon Phanom,นครพนม,TH48,Thailand,ประเทศไทย,TH,ภาคตะวันออกเฉียงเหนือ,ภาคตะวันออกเฉียงเหนือ,เมืองรอง
Nakhon Phanom,นครพนม,TH48,Thailand,ประเทศไทย,TH,ภาคตะวันออกเฉียงเหนือ,ภาคตะวันออกเฉียงเหนือ,เมืองรอง
Nakhon Phanom,นครพนม,TH48,Thailand,ประเทศไทย,TH,ภาคตะวันออกเฉียงเหนือ,ภาคตะวันออกเฉียงเหนือ,เมืองรอง
Nakhon Phanom,นครพนม,TH48,Thailand,ประเทศไทย,TH,ภาคตะวันออกเฉียงเหนือ,ภาคตะวันออกเฉียงเหนือ,เมืองรอง
Nakhon Phanom,นครพนม,TH48,Thailand,ประเทศไทย,TH,ภาคตะวันออกเฉียงเหนือ,ภาคตะวันออกเฉียงเหนือ,เมืองรอง
Nakhon Phanom,นครพนม,TH48,Thailand,ประเทศไทย,TH,ภาคตะวันออกเฉียงเหนือ,ภาคตะวันออกเฉียงเหนือ,เมืองรอง
Mukdahan,มุกดาหาร,TH49,Thailand,ประเทศไทย,TH,ภาคตะวันออกเฉียงเหนือ,ภาคตะวันออกเฉียงเหนือ,เมืองรอง
Mukdahan,มุกดาหาร,TH49,Thailand,ประเทศไทย,TH,ภาคตะวันออกเฉียงเหนือ,ภาคตะวันออกเฉียงเหนือ,เมืองรอง
Mukdahan,มุกดาหาร,TH49,Thailand,ประเทศไทย,TH,ภาคตะวันออกเฉียงเหนือ,ภาคตะวันออกเฉียงเหนือ,เมืองรอง
Mukdahan,มุกดาหาร,TH49,Thailand,ประเทศไทย,TH,ภาคตะวันออกเฉียงเหนือ,ภาคตะวันออกเฉียงเหนือ,เมืองรอง
Mukdahan,มุกดาหาร,TH49,Thailand,ประเทศไทย,TH,ภาคตะวันออกเฉียงเหนือ,ภาคตะวันออกเฉียงเหนือ,เมืองรอง
Mukdahan,มุกดาหาร,TH49,Thailand,ประเทศไทย,TH,ภาคตะวันออกเฉียงเหนือ,ภาคตะวันออกเฉียงเหนือ,เมืองรอง
Mukdahan,มุกดาหาร,TH49,Thailand,ประเทศไทย,TH,ภาคตะวันออกเฉียงเหนือ,ภาคตะวันออกเฉียงเหนือ,เมืองรอง
Chiang Mai,เชียงใหม่,TH50,Thailand,ประเทศไทย,TH,ภาคเหนือ,ภาคเหนือ,เมืองหลัก
Chiang Mai,เชียงใหม่,TH50,Thailand,ประเทศไทย,TH,ภาคเหนือ,ภาคเหนือ,เมืองหลัก
Chiang Mai,เชียงใหม่,TH50,Thailand,ประเทศไทย,TH,ภาคเหนือ,ภาคเหนือ,เมืองหลัก
Chiang Mai,เชียงใหม่,TH50,Thailand,ประเทศไทย,TH,ภาคเหนือ,ภาคเหนือ,เมืองหลัก
Chiang Mai,เชียงใหม่,TH50,Thailand,ประเทศไทย,TH,ภาคเหนือ,ภาคเหนือ,เมืองหลัก
Chiang Mai,เชียงใหม่,TH50,Thailand,ประเทศไทย,TH,ภาคเหนือ,ภาคเหนือ,เมืองหลัก
Chiang Mai,เชียงใหม่,TH50,Thailand,ประเทศไทย,TH,ภาคเหนือ,ภาคเหนือ,เมืองหลัก
Chiang Mai,เชียงใหม่,TH50,Thailand,ประเทศไทย,TH,ภาคเหนือ,ภาคเหนือ,เมืองหลัก
Chiang Mai,เชียงใหม่,TH50,Thailand,ประเทศไทย,TH,ภาคเหนือ,ภาคเหนือ,เมืองหลัก
Chiang Mai,เชียงใหม่,TH50,Thailand,ประเทศไทย,TH,ภาคเหนือ,ภาคเหนือ,เมืองหลัก
Chiang Mai,เชียงใหม่,TH50,Thailand,ประเทศไทย,TH,ภาคเหนือ,ภาคเหนือ,เมืองหลัก
Chiang Mai,เชียงใหม่,TH50,Thailand,ประเทศไทย,TH,ภาคเหนือ,ภาคเหนือ,เมืองหลัก
Chiang Mai,เชียงใหม่,TH50,Thailand,ประเทศไทย,TH,ภาคเหนือ,ภาคเหนือ,เมืองหลัก
Chiang Mai,เชียงใหม่,TH50,Thailand,ประเทศไทย,TH,ภาคเหนือ,ภาคเหนือ,เมืองหลัก
Chiang Mai,เชียงใหม่,TH50,Thailand,ประเทศไทย,TH,ภาคเหนือ,ภาคเหนือ,เมืองหลัก
Chiang Mai,เชียงใหม่,TH50,Thailand,ประเทศไทย,TH,ภาคเหนือ,ภาคเหนือ,เมืองหลัก
Chiang Mai,เชียงใหม่,TH50,Thailand,ประเทศไทย,TH,ภาคเหนือ,ภาคเหนือ,เมืองหลัก
Chiang Mai,เชียงใหม่,TH50,Thailand,ประเทศไทย,TH,ภาคเหนือ,ภาคเหนือ,เมืองหลัก
Chiang Mai,เชียงใหม่,TH50,Thailand,ประเทศไทย,TH,ภาคเหนือ,ภาคเหนือ,เมืองหลัก
Chiang Mai,เชียงใหม่,TH50,Thailand,ประเทศไทย,TH,ภาคเหนือ,ภาคเหนือ,เมืองหลัก
Chiang Mai,เชียงใหม่,TH50,Thailand,ประเทศไทย,TH,ภาคเหนือ,ภาคเหนือ,เมืองหลัก
Chiang Mai,เชียงใหม่,TH50,Thailand,ประเทศไทย,TH,ภาคเหนือ,ภาคเหนือ,เมืองหลัก
Chiang Mai,เชียงใหม่,TH50,Thailand,ประเทศไทย,TH,ภาคเหนือ,ภาคเหนือ,เมืองหลัก
Chiang Mai,เชียงใหม่,TH50,Thailand,ประเทศไทย,TH,ภาคเหนือ,ภาคเหนือ,เมืองหลัก
Chiang Mai,เชียงใหม่,TH50,Thailand,ประเทศไทย,TH,ภาคเหนือ,ภาคเหนือ,เมืองหลัก
Lamphun,ลำพูน,TH51,Thailand,ประเทศไทย,TH,ภาคเหนือ,ภาคเหนือ,เมืองรอง
Lamphun,ลำพูน,TH51,Thailand,ประเทศไทย,TH,ภาคเหนือ,ภาคเหนือ,เมืองรอง
Lamphun,ลำพูน,TH51,Thailand,ประเทศไทย,TH,ภาคเหนือ,ภาคเหนือ,เมืองรอง
Lamphun,ลำพูน,TH51,Thailand,ประเทศไทย,TH,ภาคเหนือ,ภาคเหนือ,เมืองรอง
Lamphun,ลำพูน,TH51,Thailand,ประเทศไทย,TH,ภาคเหนือ,ภาคเหนือ,เมืองรอง
Lamphun,ลำพูน,TH51,Thailand,ประเทศไทย,TH,ภาคเหนือ,ภาคเหนือ,เมืองรอง
Lamphun,ลำพูน,TH51,Thailand,ประเทศไทย,TH,ภาคเหนือ,ภาคเหนือ,เมืองรอง
Lamphun,ลำพูน,TH51,Thailand,ประเทศไทย,TH,ภาคเหนือ,ภาคเหนือ,เมืองรอง
Lampang,ลำปาง,TH52,Thailand,ประเทศไทย,TH,ภาคเหนือ,ภาคเหนือ,เมืองรอง
Lampang,ลำปาง,TH52,Thailand,ประเทศไทย,TH,ภาคเหนือ,ภาคเหนือ,เมืองรอง
Lampang,ลำปาง,TH52,Thailand,ประเทศไทย,TH,ภาคเหนือ,ภาคเหนือ,เมืองรอง
Lampang,ลำปาง,TH52,Thailand,ประเทศไทย,TH,ภาคเหนือ,ภาคเหนือ,เมืองรอง
Lampang,ลำปาง,TH52,Thailand,ประเทศไทย,TH,ภาคเหนือ,ภาคเหนือ,เมืองรอง
Lampang,ลำปาง,TH52,Thailand,ประเทศไทย,TH,ภาคเหนือ,ภาคเหนือ,เมืองรอง
Lampang,ลำปาง,TH52,Thailand,ประเทศไทย,TH,ภาคเหนือ,ภาคเหนือ,เมืองรอง
Lampang,ลำปาง,TH52,Thailand,ประเทศไทย,TH,ภาคเหนือ,ภาคเหนือ,เมืองรอง
Lampang,ลำปาง,TH52,Thailand,ประเทศไทย,TH,ภาคเหนือ,ภาคเหนือ,เมืองรอง
Lampang,ลำปาง,TH52,Thailand,ประเทศไทย,TH,ภาคเหนือ,ภาคเหนือ,เมืองรอง
Lampang,ลำปาง,TH52,Thailand,ประเทศไทย,TH,ภาคเหนือ,ภาคเหนือ,เมืองรอง
Lampang,ลำปาง,TH52,Thailand,ประเทศไทย,TH,ภาคเหนือ,ภาคเหนือ,เมืองรอง
Lampang,ลำปาง,TH52,Thailand,ประเทศไทย,TH,ภาคเหนือ,ภาคเหนือ,เมืองรอง
Uttaradit,อุตรดิตถ์,TH53,Thailand,ประเทศไทย,TH,ภาคเหนือ,ภาคเหนือ,เมืองรอง
Uttaradit,อุตรดิตถ์,TH53,Thailand,ประเทศไทย,TH,ภาคเหนือ,ภาคเหนือ,เมืองรอง
Uttaradit,อุตรดิตถ์,TH53,Thailand,ประเทศไทย,TH,ภาคเหนือ,ภาคเหนือ,เมืองรอง
Uttaradit,อุตรดิตถ์,TH53,Thailand,ประเทศไทย,TH,ภาคเหนือ,ภาคเหนือ,เมืองรอง
Uttaradit,อุตรดิตถ์,TH53,Thailand,ประเทศไทย,TH,ภาคเหนือ,ภาคเหนือ,เมืองรอง
Uttaradit,อุตรดิตถ์,TH53,Thailand,ประเทศไทย,TH,ภาคเหนือ,ภาคเหนือ,เมืองรอง
Uttaradit,อุตรดิตถ์,TH53,Thailand,ประเทศไทย,TH,ภาคเหนือ,ภาคเหนือ,เมืองรอง
Uttaradit,อุตรดิตถ์,TH53,Thailand,ประเทศไทย,TH,ภาคเหนือ,ภาคเหนือ,เมืองรอง
Uttaradit,อุตรดิตถ์,TH53,Thailand,ประเทศไทย,TH,ภาคเหนือ,ภาคเหนือ,เมืองรอง
Phrae,แพร่,TH54,Thailand,ประเทศไทย,TH,ภาคเหนือ,ภาคเหนือ,เมืองรอง
Phrae,แพร่,TH54,Thailand,ประเทศไทย,TH,ภาคเหนือ,ภาคเหนือ,เมืองรอง
Phrae,แพร่,TH54,Thailand,ประเทศไทย,TH,ภาคเหนือ,ภาคเหนือ,เมืองรอง
Phrae,แพร่,TH54,Thailand,ประเทศไทย,TH,ภาคเหนือ,ภาคเหนือ,เมืองรอง
Phrae,แพร่,TH54,Thailand,ประเทศไทย,TH,ภาคเหนือ,ภาคเหนือ,เมืองรอง
Phrae,แพร่,TH54,Thailand,ประเทศไทย,TH,ภาคเหนือ,ภาคเหนือ,เมืองรอง
Phrae,แพร่,TH54,Thailand,ประเทศไทย,TH,ภาคเหนือ,ภาคเหนือ,เมืองรอง
Phrae,แพร่,TH54,Thailand,ประเทศไทย,TH,ภาคเหนือ,ภาคเหนือ,เมืองรอง
Nan,น่าน,TH55,Thailand,ประเทศไทย,TH,ภาคเหนือ,ภาคเหนือ,เมืองรอง
Nan,น่าน,TH55,Thailand,ประเทศไทย,TH,ภาคเหนือ,ภาคเหนือ,เมืองรอง
Nan,น่าน,TH55,Thailand,ประเทศไทย,TH,ภาคเหนือ,ภาคเหนือ,เมืองรอง
Nan,น่าน,TH55,Thailand,ประเทศไทย,TH,ภาคเหนือ,ภาคเหนือ,เมืองรอง
Nan,น่าน,TH55,Thailand,ประเทศไทย,TH,ภาคเหนือ,ภาคเหนือ,เมืองรอง
Nan,น่าน,TH55,Thailand,ประเทศไทย,TH,ภาคเหนือ,ภาคเหนือ,เมืองรอง
Nan,น่าน,TH55,Thailand,ประเทศไทย,TH,ภาคเหนือ,ภาคเหนือ,เมืองรอง
Nan,น่าน,TH55,Thailand,ประเทศไทย,TH,ภาคเหนือ,ภาคเหนือ,เมืองรอง
Nan,น่าน,TH55,Thailand,ประเทศไทย,TH,ภาคเหนือ,ภาคเหนือ,เมืองรอง
Nan,น่าน,TH55,Thailand,ประเทศไทย,TH,ภาคเหนือ,ภาคเหนือ,เมืองรอง
Nan,น่าน,TH55,Thailand,ประเทศไทย,TH,ภาคเหนือ,ภาคเหนือ,เมืองรอง
Nan,น่าน,TH55,Thailand,ประเทศไทย,TH,ภาคเหนือ,ภาคเหนือ,เมืองรอง
Nan,น่าน,TH55,Thailand,ประเทศไทย,TH,ภาคเหนือ,ภาคเหนือ,เมืองรอง
Nan,น่าน,TH55,Thailand,ประเทศไทย,TH,ภาคเหนือ,ภาคเหนือ,เมืองรอง
Nan,น่าน,TH55,Thailand,ประเทศไทย,TH,ภาคเหนือ,ภาคเหนือ,เมืองรอง
Phayao,พะเยา,TH56,Thailand,ประเทศไทย,TH,ภาคเหนือ,ภาคเหนือ,เมืองรอง
Phayao,พะเยา,TH56,Thailand,ประเทศไทย,TH,ภาคเหนือ,ภาคเหนือ,เมืองรอง
Phayao,พะเยา,TH56,Thailand,ประเทศไทย,TH,ภาคเหนือ,ภาคเหนือ,เมืองรอง
Phayao,พะเยา,TH56,Thailand,ประเทศไทย,TH,ภาคเหนือ,ภาคเหนือ,เมืองรอง
Phayao,พะเยา,TH56,Thailand,ประเทศไทย,TH,ภาคเหนือ,ภาคเหนือ,เมืองรอง
Phayao,พะเยา,TH56,Thailand,ประเทศไทย,TH,ภาคเหนือ,ภาคเหนือ,เมืองรอง
Phayao,พะเยา,TH56,Thailand,ประเทศไทย,TH,ภาคเหนือ,ภาคเหนือ,เมืองรอง
Phayao,พะเยา,TH56,Thailand,ประเทศไทย,TH,ภาคเหนือ,ภาคเหนือ,เมืองรอง
Phayao,พะเยา,TH56,Thailand,ประเทศไทย,TH,ภาคเหนือ,ภาคเหนือ,เมืองรอง
Chiang Rai,เชียงราย,TH57,Thailand,ประเทศไทย,TH,ภาคเหนือ,ภาคเหนือ,เมืองรอง
Chiang Rai,เชียงราย,TH57,Thailand,ประเทศไทย,TH,ภาคเหนือ,ภาคเหนือ,เมืองรอง
Chiang Rai,เชียงราย,TH57,Thailand,ประเทศไทย,TH,ภาคเหนือ,ภาคเหนือ,เมืองรอง
Chiang Rai,เชียงราย,TH57,Thailand,ประเทศไทย,TH,ภาคเหนือ,ภาคเหนือ,เมืองรอง
Chiang Rai,เชียงราย,TH57,Thailand,ประเทศไทย,TH,ภาคเหนือ,ภาคเหนือ,เมืองรอง
Chiang Rai,เชียงราย,TH57,Thailand,ประเทศไทย,TH,ภาคเหนือ,ภาคเหนือ,เมืองรอง
Chiang Rai,เชียงราย,TH57,Thailand,ประเทศไทย,TH,ภาคเหนือ,ภาคเหนือ,เมืองรอง
Chiang Rai,เชียงราย,TH57,Thailand,ประเทศไทย,TH,ภาคเหนือ,ภาคเหนือ,เมืองรอง
Chiang Rai,เชียงราย,TH57,Thailand,ประเทศไทย,TH,ภาคเหนือ,ภาคเหนือ,เมืองรอง
Chiang Rai,เชียงราย,TH57,Thailand,ประเทศไทย,TH,ภาคเหนือ,ภาคเหนือ,เมืองรอง
Chiang Rai,เชียงราย,TH57,Thailand,ประเทศไทย,TH,ภาคเหนือ,ภาคเหนือ,เมืองรอง
Chiang Rai,เชียงราย,TH57,Thailand,ประเทศไทย,TH,ภาคเหนือ,ภาคเหนือ,เมืองรอง
Chiang Rai,เชียงราย,TH57,Thailand,ประเทศไทย,TH,ภาคเหนือ,ภาคเหนือ,เมืองรอง
Chiang Rai,เชียงราย,TH57,Thailand,ประเทศไทย,TH,ภาคเหนือ,ภาคเหนือ,เมืองรอง
Chiang Rai,เชียงราย,TH57,Thailand,ประเทศไทย,TH,ภาคเหนือ,ภาคเหนือ,เมืองรอง
Chiang Rai,เชียงราย,TH57,Thailand,ประเทศไทย,TH,ภาคเหนือ,ภาคเหนือ,เมืองรอง
Chiang Rai,เชียงราย,TH57,Thailand,ประเทศไทย,TH,ภาคเหนือ,ภาคเหนือ,เมืองรอง
Chiang Rai,เชียงราย,TH57,Thailand,ประเทศไทย,TH,ภาคเหนือ,ภาคเหนือ,เมืองรอง
Mae Hong Son,แม่ฮ่องสอน,TH58,Thailand,ประเทศไทย,TH,ภาคเหนือ,ภาคเหนือ,เมืองรอง
Mae Hong Son,แม่ฮ่องสอน,TH58,Thailand,ประเทศไทย,TH,ภาคเหนือ,ภาคเหนือ,เมืองรอง
Mae Hong Son,แม่ฮ่องสอน,TH58,Thailand,ประเทศไทย,TH,ภาคเหนือ,ภาคเหนือ,เมืองรอง
Mae Hong Son,แม่ฮ่องสอน,TH58,Thailand,ประเทศไทย,TH,ภาคเหนือ,ภาคเหนือ,เมืองรอง
Mae Hong Son,แม่ฮ่องสอน,TH58,Thailand,ประเทศไทย,TH,ภาคเหนือ,ภาคเหนือ,เมืองรอง
Mae Hong Son,แม่ฮ่องสอน,TH58,Thailand,ประเทศไทย,TH,ภาคเหนือ,ภาคเหนือ,เมืองรอง
Mae Hong Son,แม่ฮ่องสอน,TH58,Thailand,ประเทศไทย,TH,ภาคเหนือ,ภาคเหนือ,เมืองรอง
Nakhon Sawan,นครสวรรค์,TH60,Thailand,ประเทศไทย,TH,ภาคกลาง,ภาคเหนือ,เมืองรอง
Nakhon Sawan,นครสวรรค์,TH60,Thailand,ประเทศไทย,TH,ภาคกลาง,ภาคเหนือ,เมืองรอง
Nakhon Sawan,นครสวรรค์,TH60,Thailand,ประเทศไทย,TH,ภาคกลาง,ภาคเหนือ,เมืองรอง
Nakhon Sawan,นครสวรรค์,TH60,Thailand,ประเทศไทย,TH,ภาคกลาง,ภาคเหนือ,เมืองรอง
Nakhon Sawan,นครสวรรค์,TH60,Thailand,ประเทศไทย,TH,ภาคกลาง,ภาคเหนือ,เมืองรอง
Nakhon Sawan,นครสวรรค์,TH60,Thailand,ประเทศไทย,TH,ภาคกลาง,ภาคเหนือ,เมืองรอง
Nakhon Sawan,นครสวรรค์,TH60,Thailand,ประเทศไทย,TH,ภาคกลาง,ภาคเหนือ,เมืองรอง
Nakhon Sawan,นครสวรรค์,TH60,Thailand,ประเทศไทย,TH,ภาคกลาง,ภาคเหนือ,เมืองรอง
Nakhon Sawan,นครสวรรค์,TH60,Thailand,ประเทศไทย,TH,ภาคกลาง,ภาคเหนือ,เมืองรอง
Nakhon Sawan,นครสวรรค์,TH60,Thailand,ประเทศไทย,TH,ภาคกลาง,ภาคเหนือ,เมืองรอง
Nakhon Sawan,นครสวรรค์,TH60,Thailand,ประเทศไทย,TH,ภาคกลาง,ภาคเหนือ,เมืองรอง
Nakhon Sawan,นครสวรรค์,TH60,Thailand,ประเทศไทย,TH,ภาคกลาง,ภาคเหนือ,เมืองรอง
Nakhon Sawan,นครสวรรค์,TH60,Thailand,ประเทศไทย,TH,ภาคกลาง,ภาคเหนือ,เมืองรอง
Nakhon Sawan,นครสวรรค์,TH60,Thailand,ประเทศไทย,TH,ภาคกลาง,ภาคเหนือ,เมืองรอง
Nakhon Sawan,นครสวรรค์,TH60,Thailand,ประเทศไทย,TH,ภาคกลาง,ภาคเหนือ,เมืองรอง
Uthai Thani,อุทัยธานี,TH61,Thailand,ประเทศไทย,TH,ภาคกลาง,ภาคเหนือ,เมืองรอง
Uthai Thani,อุทัยธานี,TH61,Thailand,ประเทศไทย,TH,ภาคกลาง,ภาคเหนือ,เมืองรอง
Uthai Thani,อุทัยธานี,TH61,Thailand,ประเทศไทย,TH,ภาคกลาง,ภาคเหนือ,เมืองรอง
Uthai Thani,อุทัยธานี,TH61,Thailand,ประเทศไทย,TH,ภาคกลาง,ภาคเหนือ,เมืองรอง
Uthai Thani,อุทัยธานี,TH61,Thailand,ประเทศไทย,TH,ภาคกลาง,ภาคเหนือ,เมืองรอง
Uthai Thani,อุทัยธานี,TH61,Thailand,ประเทศไทย,TH,ภาคกลาง,ภาคเหนือ,เมืองรอง
Uthai Thani,อุทัยธานี,TH61,Thailand,ประเทศไทย,TH,ภาคกลาง,ภาคเหนือ,เมืองรอง
Uthai Thani,อุทัยธานี,TH61,Thailand,ประเทศไทย,TH,ภาคกลาง,ภาคเหนือ,เมืองรอง
Kamphaeng Phet,กำแพงเพชร,TH62,Thailand,ประเทศไทย,TH,ภาคกลาง,ภาคเหนือ,เมืองรอง
Kamphaeng Phet,กำแพงเพชร,TH62,Thailand,ประเทศไทย,TH,ภาคกลาง,ภาคเหนือ,เมืองรอง
Kamphaeng Phet,กำแพงเพชร,TH62,Thailand,ประเทศไทย,TH,ภาคกลาง,ภาคเหนือ,เมืองรอง
Kamphaeng Phet,กำแพงเพชร,TH62,Thailand,ประเทศไทย,TH,ภาคกลาง,ภาคเหนือ,เมืองรอง
Kamphaeng Phet,กำแพงเพชร,TH62,Thailand,ประเทศไทย,TH,ภาคกลาง,ภาคเหนือ,เมืองรอง
Kamphaeng Phet,กำแพงเพชร,TH62,Thailand,ประเทศไทย,TH,ภาคกลาง,ภาคเหนือ,เมืองรอง
Kamphaeng Phet,กำแพงเพชร,TH62,Thailand,ประเทศไทย,TH,ภาคกลาง,ภาคเหนือ,เมืองรอง
Kamphaeng Phet,กำแพงเพชร,TH62,Thailand,ประเทศไทย,TH,ภาคกลาง,ภาคเหนือ,เมืองรอง
Kamphaeng Phet,กำแพงเพชร,TH62,Thailand,ประเทศไทย,TH,ภาคกลาง,ภาคเหนือ,เมืองรอง
Kamphaeng Phet,กำแพงเพชร,TH62,Thailand,ประเทศไทย,TH,ภาคกลาง,ภาคเหนือ,เมืองรอง
Kamphaeng Phet,กำแพงเพชร,TH62,Thailand,ประเทศไทย,TH,ภาคกลาง,ภาคเหนือ,เมืองรอง
Tak,ตาก,TH63,Thailand,ประเทศไทย,TH,ภาคตะวันตก,ภาคเหนือ,เมืองรอง
Tak,ตาก,TH63,Thailand,ประเทศไทย,TH,ภาคตะวันตก,ภาคเหนือ,เมืองรอง
Tak,ตาก,TH63,Thailand,ประเทศไทย,TH,ภาคตะวันตก,ภาคเหนือ,เมืองรอง
Tak,ตาก,TH63,Thailand,ประเทศไทย,TH,ภาคตะวันตก,ภาคเหนือ,เมืองรอง
Tak,ตาก,TH63,Thailand,ประเทศไทย,TH,ภาคตะวันตก,ภาคเหนือ,เมืองรอง
Tak,ตาก,TH63,Thailand,ประเทศไทย,TH,ภาคตะวันตก,ภาคเหนือ,เมืองรอง
Tak,ตาก,TH63,Thailand,ประเทศไทย,TH,ภาคตะวันตก,ภาคเหนือ,เมืองรอง
Tak,ตาก,TH63,Thailand,ประเทศไทย,TH,ภาคตะวันตก,ภาคเหนือ,เมืองรอง
Tak,ตาก,TH63,Thailand,ประเทศไทย,TH,ภาคตะวันตก,ภาคเหนือ,เมืองรอง
Sukhothai,สุโขทัย,TH64,Thailand,ประเทศไทย,TH,ภาคกลาง,ภาคเหนือ,เมืองรอง
Sukhothai,สุโขทัย,TH64,Thailand,ประเทศไทย,TH,ภาคกลาง,ภาคเหนือ,เมืองรอง
Sukhothai,สุโขทัย,TH64,Thailand,ประเทศไทย,TH,ภาคกลาง,ภาคเหนือ,เมืองรอง
Sukhothai,สุโขทัย,TH64,Thailand,ประเทศไทย,TH,ภาคกลาง,ภาคเหนือ,เมืองรอง
Sukhothai,สุโขทัย,TH64,Thailand,ประเทศไทย,TH,ภาคกลาง,ภาคเหนือ,เมืองรอง
Sukhothai,สุโขทัย,TH64,Thailand,ประเทศไทย,TH,ภาคกลาง,ภาคเหนือ,เมืองรอง
Sukhothai,สุโขทัย,TH64,Thailand,ประเทศไทย,TH,ภาคกลาง,ภาคเหนือ,เมืองรอง
Sukhothai,สุโขทัย,TH64,Thailand,ประเทศไทย,TH,ภาคกลาง,ภาคเหนือ,เมืองรอง
Sukhothai,สุโขทัย,TH64,Thailand,ประเทศไทย,TH,ภาคกลาง,ภาคเหนือ,เมืองรอง
Phitsanulok,พิษณุโลก,TH65,Thailand,ประเทศไทย,TH,ภาคกลาง,ภาคเหนือ,เมืองรอง
Phitsanulok,พิษณุโลก,TH65,Thailand,ประเทศไทย,TH,ภาคกลาง,ภาคเหนือ,เมืองรอง
Phitsanulok,พิษณุโลก,TH65,Thailand,ประเทศไทย,TH,ภาคกลาง,ภาคเหนือ,เมืองรอง
Phitsanulok,พิษณุโลก,TH65,Thailand,ประเทศไทย,TH,ภาคกลาง,ภาคเหนือ,เมืองรอง
Phitsanulok,พิษณุโลก,TH65,Thailand,ประเทศไทย,TH,ภาคกลาง,ภาคเหนือ,เมืองรอง
Phitsanulok,พิษณุโลก,TH65,Thailand,ประเทศไทย,TH,ภาคกลาง,ภาคเหนือ,เมืองรอง
Phitsanulok,พิษณุโลก,TH65,Thailand,ประเทศไทย,TH,ภาคกลาง,ภาคเหนือ,เมืองรอง
Phitsanulok,พิษณุโลก,TH65,Thailand,ประเทศไทย,TH,ภาคกลาง,ภาคเหนือ,เมืองรอง
Phitsanulok,พิษณุโลก,TH65,Thailand,ประเทศไทย,TH,ภาคกลาง,ภาคเหนือ,เมืองรอง
Phichit,พิจิตร,TH66,Thailand,ประเทศไทย,TH,ภาคกลาง,ภาคเหนือ,เมืองรอง
Phichit,พิจิตร,TH66,Thailand,ประเทศไทย,TH,ภาคกลาง,ภาคเหนือ,เมืองรอง
Phichit,พิจิตร,TH66,Thailand,ประเทศไทย,TH,ภาคกลาง,ภาคเหนือ,เมืองรอง
Phichit,พิจิตร,TH66,Thailand,ประเทศไทย,TH,ภาคกลาง,ภาคเหนือ,เมืองรอง
Phichit,พิจิตร,TH66,Thailand,ประเทศไทย,TH,ภาคกลาง,ภาคเหนือ,เมืองรอง
Phichit,พิจิตร,TH66,Thailand,ประเทศไทย,TH,ภาคกลาง,ภาคเหนือ,เมืองรอง
Phichit,พิจิตร,TH66,Thailand,ประเทศไทย,TH,ภาคกลาง,ภาคเหนือ,เมืองรอง
Phichit,พิจิตร,TH66,Thailand,ประเทศไทย,TH,ภาคกลาง,ภาคเหนือ,เมืองรอง
Phichit,พิจิตร,TH66,Thailand,ประเทศไทย,TH,ภาคกลาง,ภาคเหนือ,เมืองรอง
Phichit,พิจิตร,TH66,Thailand,ประเทศไทย,TH,ภาคกลาง,ภาคเหนือ,เมืองรอง
Phichit,พิจิตร,TH66,Thailand,ประเทศไทย,TH,ภาคกลาง,ภาคเหนือ,เมืองรอง
Phichit,พิจิตร,TH66,Thailand,ประเทศไทย,TH,ภาคกลาง,ภาคเหนือ,เมืองรอง
Phetchabun,เพชรบูรณ์,TH67,Thailand,ประเทศไทย,TH,ภาคกลาง,ภาคเหนือ,เมืองรอง
Phetchabun,เพชรบูรณ์,TH67,Thailand,ประเทศไทย,TH,ภาคกลาง,ภาคเหนือ,เมืองรอง
Phetchabun,เพชรบูรณ์,TH67,Thailand,ประเทศไทย,TH,ภาคกลาง,ภาคเหนือ,เมืองรอง
Phetchabun,เพชรบูรณ์,TH67,Thailand,ประเทศไทย,TH,ภาคกลาง,ภาคเหนือ,เมืองรอง
Phetchabun,เพชรบูรณ์,TH67,Thailand,ประเทศไทย,TH,ภาคกลาง,ภาคเหนือ,เมืองรอง
Phetchabun,เพชรบูรณ์,TH67,Thailand,ประเทศไทย,TH,ภาคกลาง,ภาคเหนือ,เมืองรอง
Phetchabun,เพชรบูรณ์,TH67,Thailand,ประเทศไทย,TH,ภาคกลาง,ภาคเหนือ,เมืองรอง
Phetchabun,เพชรบูรณ์,TH67,Thailand,ประเทศไทย,TH,ภาคกลาง,ภาคเหนือ,เมืองรอง
Phetchabun,เพชรบูรณ์,TH67,Thailand,ประเทศไทย,TH,ภาคกลาง,ภาคเหนือ,เมืองรอง
Phetchabun,เพชรบูรณ์,TH67,Thailand,ประเทศไทย,TH,ภาคกลาง,ภาคเหนือ,เมืองรอง
Phetchabun,เพชรบูรณ์,TH67,Thailand,ประเทศไทย,TH,ภาคกลาง,ภาคเหนือ,เมืองรอง
Ratchaburi,ราชบุรี,TH70,Thailand,ประเทศไทย,TH,ภาคตะวันตก,ภาคกลาง,เมืองรอง
Ratchaburi,ราชบุรี,TH70,Thailand,ประเทศไทย,TH,ภาคตะวันตก,ภาคกลาง,เมืองรอง
Ratchaburi,ราชบุรี,TH70,Thailand,ประเทศไทย,TH,ภาคตะวันตก,ภาคกลาง,เมืองรอง
Ratchaburi,ราชบุรี,TH70,Thailand,ประเทศไทย,TH,ภาคตะวันตก,ภาคกลาง,เมืองรอง
Ratchaburi,ราชบุรี,TH70,Thailand,ประเทศไทย,TH,ภาคตะวันตก,ภาคกลาง,เมืองรอง
Ratchaburi,ราชบุรี,TH70,Thailand,ประเทศไทย,TH,ภาคตะวันตก,ภาคกลาง,เมืองรอง
Ratchaburi,ราชบุรี,TH70,Thailand,ประเทศไทย,TH,ภาคตะวันตก,ภาคกลาง,เมืองรอง
Ratchaburi,ราชบุรี,TH70,Thailand,ประเทศไทย,TH,ภาคตะวันตก,ภาคกลาง,เมืองรอง
Ratchaburi,ราชบุรี,TH70,Thailand,ประเทศไทย,TH,ภาคตะวันตก,ภาคกลาง,เมืองรอง
Ratchaburi,ราชบุรี,TH70,Thailand,ประเทศไทย,TH,ภาคตะวันตก,ภาคกลาง,เมืองรอง
Kanchanaburi,กาญจนบุรี,TH71,Thailand,ประเทศไทย,TH,ภาคตะวันตก,ภาคกลาง,เมืองหลัก
Kanchanaburi,กาญจนบุรี,TH71,Thailand,ประเทศไทย,TH,ภาคตะวันตก,ภาคกลาง,เมืองหลัก
Kanchanaburi,กาญจนบุรี,TH71,Thailand,ประเทศไทย,TH,ภาคตะวันตก,ภาคกลาง,เมืองหลัก
Kanchanaburi,กาญจนบุรี,TH71,Thailand,ประเทศไทย,TH,ภาคตะวันตก,ภาคกลาง,เมืองหลัก
Kanchanaburi,กาญจนบุรี,TH71,Thailand,ประเทศไทย,TH,ภาคตะวันตก,ภาคกลาง,เมืองหลัก
Kanchanaburi,กาญจนบุรี,TH71,Thailand,ประเทศไทย,TH,ภาคตะวันตก,ภาคกลาง,เมืองหลัก
Kanchanaburi,กาญจนบุรี,TH71,Thailand,ประเทศไทย,TH,ภาคตะวันตก,ภาคกลาง,เมืองหลัก
Kanchanaburi,กาญจนบุรี,TH71,Thailand,ประเทศไทย,TH,ภาคตะวันตก,ภาคกลาง,เมืองหลัก
Kanchanaburi,กาญจนบุรี,TH71,Thailand,ประเทศไทย,TH,ภาคตะวันตก,ภาคกลาง,เมืองหลัก
Kanchanaburi,กาญจนบุรี,TH71,Thailand,ประเทศไทย,TH,ภาคตะวันตก,ภาคกลาง,เมืองหลัก
Kanchanaburi,กาญจนบุรี,TH71,Thailand,ประเทศไทย,TH,ภาคตะวันตก,ภาคกลาง,เมืองหลัก
Kanchanaburi,กาญจนบุรี,TH71,Thailand,ประเทศไทย,TH,ภาคตะวันตก,ภาคกลาง,เมืองหลัก
Kanchanaburi,กาญจนบุรี,TH71,Thailand,ประเทศไทย,TH,ภาคตะวันตก,ภาคกลาง,เมืองหลัก
Suphan Buri,สุพรรณบุรี,TH72,Thailand,ประเทศไทย,TH,ภาคกลาง,ภาคกลาง,เมืองรอง
Suphan Buri,สุพรรณบุรี,TH72,Thailand,ประเทศไทย,TH,ภาคกลาง,ภาคกลาง,เมืองรอง
Suphan Buri,สุพรรณบุรี,TH72,Thailand,ประเทศไทย,TH,ภาคกลาง,ภาคกลาง,เมืองรอง
Suphan Buri,สุพรรณบุรี,TH72,Thailand,ประเทศไทย,TH,ภาคกลาง,ภาคกลาง,เมืองรอง
Suphan Buri,สุพรรณบุรี,TH72,Thailand,ประเทศไทย,TH,ภาคกลาง,ภาคกลาง,เมืองรอง
Suphan Buri,สุพรรณบุรี,TH72,Thailand,ประเทศไทย,TH,ภาคกลาง,ภาคกลาง,เมืองรอง
Suphan Buri,สุพรรณบุรี,TH72,Thailand,ประเทศไทย,TH,ภาคกลาง,ภาคกลาง,เมืองรอง
Suphan Buri,สุพรรณบุรี,TH72,Thailand,ประเทศไทย,TH,ภาคกลาง,ภาคกลาง,เมืองรอง
Suphan Buri,สุพรรณบุรี,TH72,Thailand,ประเทศไทย,TH,ภาคกลาง,ภาคกลาง,เมืองรอง
Suphan Buri,สุพรรณบุรี,TH72,Thailand,ประเทศไทย,TH,ภาคกลาง,ภาคกลาง,เมืองรอง
Nakhon Pathom,นครปฐม,TH73,Thailand,ประเทศไทย,TH,ภาคกลาง,ภาคกลาง,เมืองหลัก
Nakhon Pathom,นครปฐม,TH73,Thailand,ประเทศไทย,TH,ภาคกลาง,ภาคกลาง,เมืองหลัก
Nakhon Pathom,นครปฐม,TH73,Thailand,ประเทศไทย,TH,ภาคกลาง,ภาคกลาง,เมืองหลัก
Nakhon Pathom,นครปฐม,TH73,Thailand,ประเทศไทย,TH,ภาคกลาง,ภาคกลาง,เมืองหลัก
Nakhon Pathom,นครปฐม,TH73,Thailand,ประเทศไทย,TH,ภาคกลาง,ภาคกลาง,เมืองหลัก
Nakhon Pathom,นครปฐม,TH73,Thailand,ประเทศไทย,TH,ภาคกลาง,ภาคกลาง,เมืองหลัก
Nakhon Pathom,นครปฐม,TH73,Thailand,ประเทศไทย,TH,ภาคกลาง,ภาคกลาง,เมืองหลัก
Samut Sakhon,สมุทรสาคร,TH74,Thailand,ประเทศไทย,TH,ภาคกลาง,ภาคกลาง,เมืองหลัก
Samut Sakhon,สมุทรสาคร,TH74,Thailand,ประเทศไทย,TH,ภาคกลาง,ภาคกลาง,เมืองหลัก
Samut Sakhon,สมุทรสาคร,TH74,Thailand,ประเทศไทย,TH,ภาคกลาง,ภาคกลาง,เมืองหลัก
Samut Songkhram,สมุทรสงคราม,TH75,Thailand,ประเทศไทย,TH,ภาคกลาง,ภาคกลาง,เมืองรอง
Samut Songkhram,สมุทรสงคราม,TH75,Thailand,ประเทศไทย,TH,ภาคกลาง,ภาคกลาง,เมืองรอง
Samut Songkhram,สมุทรสงคราม,TH75,Thailand,ประเทศไทย,TH,ภาคกลาง,ภาคกลาง,เมืองรอง
Phetchaburi,เพชรบุรี,TH76,Thailand,ประเทศไทย,TH,ภาคตะวันตก,ภาคกลาง,เมืองหลัก
Phetchaburi,เพชรบุรี,TH76,Thailand,ประเทศไทย,TH,ภาคตะวันตก,ภาคกลาง,เมืองหลัก
Phetchaburi,เพชรบุรี,TH76,Thailand,ประเทศไทย,TH,ภาคตะวันตก,ภาคกลาง,เมืองหลัก
Phetchaburi,เพชรบุรี,TH76,Thailand,ประเทศไทย,TH,ภาคตะวันตก,ภาคกลาง,เมืองหลัก
Phetchaburi,เพชรบุรี,TH76,Thailand,ประเทศไทย,TH,ภาคตะวันตก,ภาคกลาง,เมืองหลัก
Phetchaburi,เพชรบุรี,TH76,Thailand,ประเทศไทย,TH,ภาคตะวันตก,ภาคกลาง,เมืองหลัก
Phetchaburi,เพชรบุรี,TH76,Thailand,ประเทศไทย,TH,ภาคตะวันตก,ภาคกลาง,เมืองหลัก
Phetchaburi,เพชรบุรี,TH76,Thailand,ประเทศไทย,TH,ภาคตะวันตก,ภาคกลาง,เมืองหลัก
Prachuap Khiri Khan,ประจวบคีรีขันธ์,TH77,Thailand,ประเทศไทย,TH,ภาคตะวันตก,ภาคกลาง,เมืองหลัก
Prachuap Khiri Khan,ประจวบคีรีขันธ์,TH77,Thailand,ประเทศไทย,TH,ภาคตะวันตก,ภาคกลาง,เมืองหลัก
Prachuap Khiri Khan,ประจวบคีรีขันธ์,TH77,Thailand,ประเทศไทย,TH,ภาคตะวันตก,ภาคกลาง,เมืองหลัก
Prachuap Khiri Khan,ประจวบคีรีขันธ์,TH77,Thailand,ประเทศไทย,TH,ภาคตะวันตก,ภาคกลาง,เมืองหลัก
Prachuap Khiri Khan,ประจวบคีรีขันธ์,TH77,Thailand,ประเทศไทย,TH,ภาคตะวันตก,ภาคกลาง,เมืองหลัก
Prachuap Khiri Khan,ประจวบคีรีขันธ์,TH77,Thailand,ประเทศไทย,TH,ภาคตะวันตก,ภาคกลาง,เมืองหลัก
Prachuap Khiri Khan,ประจวบคีรีขันธ์,TH77,Thailand,ประเทศไทย,TH,ภาคตะวันตก,ภาคกลาง,เมืองหลัก
Prachuap Khiri Khan,ประจวบคีรีขันธ์,TH77,Thailand,ประเทศไทย,TH,ภาคตะวันตก,ภาคกลาง,เมืองหลัก
Nakhon Si Thammarat,นครศรีธรรมราช,TH80,Thailand,ประเทศไทย,TH,ภาคใต้,ภาคใต้,เมืองรอง
Nakhon Si Thammarat,นครศรีธรรมราช,TH80,Thailand,ประเทศไทย,TH,ภาคใต้,ภาคใต้,เมืองรอง
Nakhon Si Thammarat,นครศรีธรรมราช,TH80,Thailand,ประเทศไทย,TH,ภาคใต้,ภาคใต้,เมืองรอง
Nakhon Si Thammarat,นครศรีธรรมราช,TH80,Thailand,ประเทศไทย,TH,ภาคใต้,ภาคใต้,เมืองรอง
Nakhon Si Thammarat,นครศรีธรรมราช,TH80,Thailand,ประเทศไทย,TH,ภาคใต้,ภาคใต้,เมืองรอง
Nakhon Si Thammarat,นครศรีธรรมราช,TH80,Thailand,ประเทศไทย,TH,ภาคใต้,ภาคใต้,เมืองรอง
Nakhon Si Thammarat,นครศรีธรรมราช,TH80,Thailand,ประเทศไทย,TH,ภาคใต้,ภาคใต้,เมืองรอง
Nakhon Si Thammarat,นครศรีธรรมราช,TH80,Thailand,ประเทศไทย,TH,ภาคใต้,ภาคใต้,เมืองรอง
Nakhon Si Thammarat,นครศรีธรรมราช,TH80,Thailand,ประเทศไทย,TH,ภาคใต้,ภาคใต้,เมืองรอง
Nakhon Si Thammarat,นครศรีธรรมราช,TH80,Thailand,ประเทศไทย,TH,ภาคใต้,ภาคใต้,เมืองรอง
Nakhon Si Thammarat,นครศรีธรรมราช,TH80,Thailand,ประเทศไทย,TH,ภาคใต้,ภาคใต้,เมืองรอง
Nakhon Si Thammarat,นครศรีธรรมราช,TH80,Thailand,ประเทศไทย,TH,ภาคใต้,ภาคใต้,เมืองรอง
Nakhon Si Thammarat,นครศรีธรรมราช,TH80,Thailand,ประเทศไทย,TH,ภาคใต้,ภาคใต้,เมืองรอง
Nakhon Si Thammarat,นครศรีธรรมราช,TH80,Thailand,ประเทศไทย,TH,ภาคใต้,ภาคใต้,เมืองรอง
Nakhon Si Thammarat,นครศรีธรรมราช,TH80,Thailand,ประเทศไทย,TH,ภาคใต้,ภาคใต้,เมืองรอง
Nakhon Si Thammarat,นครศรีธรรมราช,TH80,Thailand,ประเทศไทย,TH,ภาคใต้,ภาคใต้,เมืองรอง
Nakhon Si Thammarat,นครศรีธรรมราช,TH80,Thailand,ประเทศไทย,TH,ภาคใต้,ภาคใต้,เมืองรอง
Nakhon Si Thammarat,นครศรีธรรมราช,TH80,Thailand,ประเทศไทย,TH,ภาคใต้,ภาคใต้,เมืองรอง
Nakhon Si Thammarat,นครศรีธรรมราช,TH80,Thailand,ประเทศไทย,TH,ภาคใต้,ภาคใต้,เมืองรอง
Nakhon Si Thammarat,นครศรีธรรมราช,TH80,Thailand,ประเทศไทย,TH,ภาคใต้,ภาคใต้,เมืองรอง
Nakhon Si Thammarat,นครศรีธรรมราช,TH80,Thailand,ประเทศไทย,TH,ภาคใต้,ภาคใต้,เมืองรอง
Nakhon Si Thammarat,นครศรีธรรมราช,TH80,Thailand,ประเทศไทย,TH,ภาคใต้,ภาคใต้,เมืองรอง
Nakhon Si Thammarat,นครศรีธรรมราช,TH80,Thailand,ประเทศไทย,TH,ภาคใต้,ภาคใต้,เมืองรอง
Krabi,กระบี่,TH81,Thailand,ประเทศไทย,TH,ภาคใต้,ภาคใต้,เมืองหลัก
Krabi,กระบี่,TH81,Thailand,ประเทศไทย,TH,ภาคใต้,ภาคใต้,เมืองหลัก
Krabi,กระบี่,TH81,Thailand,ประเทศไทย,TH,ภาคใต้,ภาคใต้,เมืองหลัก
Krabi,กระบี่,TH81,Thailand,ประเทศไทย,TH,ภาคใต้,ภาคใต้,เมืองหลัก
Krabi,กระบี่,TH81,Thailand,ประเทศไทย,TH,ภาคใต้,ภาคใต้,เมืองหลัก
Krabi,กระบี่,TH81,Thailand,ประเทศไทย,TH,ภาคใต้,ภาคใต้,เมืองหลัก
Krabi,กระบี่,TH81,Thailand,ประเทศไทย,TH,ภาคใต้,ภาคใต้,เมืองหลัก
Krabi,กระบี่,TH81,Thailand,ประเทศไทย,TH,ภาคใต้,ภาคใต้,เมืองหลัก
Phangnga,พังงา,TH82,Thailand,ประเทศไทย,TH,ภาคใต้,ภาคใต้,เมืองหลัก
Phangnga,พังงา,TH82,Thailand,ประเทศไทย,TH,ภาคใต้,ภาคใต้,เมืองหลัก
Phangnga,พังงา,TH82,Thailand,ประเทศไทย,TH,ภาคใต้,ภาคใต้,เมืองหลัก
Phangnga,พังงา,TH82,Thailand,ประเทศไทย,TH,ภาคใต้,ภาคใต้,เมืองหลัก
Phangnga,พังงา,TH82,Thailand,ประเทศไทย,TH,ภาคใต้,ภาคใต้,เมืองหลัก
Phangnga,พังงา,TH82,Thailand,ประเทศไทย,TH,ภาคใต้,ภาคใต้,เมืองหลัก
Phangnga,พังงา,TH82,Thailand,ประเทศไทย,TH,ภาคใต้,ภาคใต้,เมืองหลัก
Phangnga,พังงา,TH82,Thailand,ประเทศไทย,TH,ภาคใต้,ภาคใต้,เมืองหลัก
Phuket,ภูเก็ต,TH83,Thailand,ประเทศไทย,TH,ภาคใต้,ภาคใต้,เมืองหลัก
Phuket,ภูเก็ต,TH83,Thailand,ประเทศไทย,TH,ภาคใต้,ภาคใต้,เมืองหลัก
Phuket,ภูเก็ต,TH83,Thailand,ประเทศไทย,TH,ภาคใต้,ภาคใต้,เมืองหลัก
Surat Thani,สุราษฎร์ธานี,TH84,Thailand,ประเทศไทย,TH,ภาคใต้,ภาคใต้,เมืองหลัก
Surat Thani,สุราษฎร์ธานี,TH84,Thailand,ประเทศไทย,TH,ภาคใต้,ภาคใต้,เมืองหลัก
Surat Thani,สุราษฎร์ธานี,TH84,Thailand,ประเทศไทย,TH,ภาคใต้,ภาคใต้,เมืองหลัก
Surat Thani,สุราษฎร์ธานี,TH84,Thailand,ประเทศไทย,TH,ภาคใต้,ภาคใต้,เมืองหลัก
Surat Thani,สุราษฎร์ธานี,TH84,Thailand,ประเทศไทย,TH,ภาคใต้,ภาคใต้,เมืองหลัก
Surat Thani,สุราษฎร์ธานี,TH84,Thailand,ประเทศไทย,TH,ภาคใต้,ภาคใต้,เมืองหลัก
Surat Thani,สุราษฎร์ธานี,TH84,Thailand,ประเทศไทย,TH,ภาคใต้,ภาคใต้,เมืองหลัก
Surat Thani,สุราษฎร์ธานี,TH84,Thailand,ประเทศไทย,TH,ภาคใต้,ภาคใต้,เมืองหลัก
Surat Thani,สุราษฎร์ธานี,TH84,Thailand,ประเทศไทย,TH,ภาคใต้,ภาคใต้,เมืองหลัก
Surat Thani,สุราษฎร์ธานี,TH84,Thailand,ประเทศไทย,TH,ภาคใต้,ภาคใต้,เมืองหลัก
Surat Thani,สุราษฎร์ธานี,TH84,Thailand,ประเทศไทย,TH,ภาคใต้,ภาคใต้,เมืองหลัก
Surat Thani,สุราษฎร์ธานี,TH84,Thailand,ประเทศไทย,TH,ภาคใต้,ภาคใต้,เมืองหลัก
Surat Thani,สุราษฎร์ธานี,TH84,Thailand,ประเทศไทย,TH,ภาคใต้,ภาคใต้,เมืองหลัก
Surat Thani,สุราษฎร์ธานี,TH84,Thailand,ประเทศไทย,TH,ภาคใต้,ภาคใต้,เมืองหลัก
Surat Thani,สุราษฎร์ธานี,TH84,Thailand,ประเทศไทย,TH,ภาคใต้,ภาคใต้,เมืองหลัก
Surat Thani,สุราษฎร์ธานี,TH84,Thailand,ประเทศไทย,TH,ภาคใต้,ภาคใต้,เมืองหลัก
Surat Thani,สุราษฎร์ธานี,TH84,Thailand,ประเทศไทย,TH,ภาคใต้,ภาคใต้,เมืองหลัก
Surat Thani,สุราษฎร์ธานี,TH84,Thailand,ประเทศไทย,TH,ภาคใต้,ภาคใต้,เมืองหลัก
Surat Thani,สุราษฎร์ธานี,TH84,Thailand,ประเทศไทย,TH,ภาคใต้,ภาคใต้,เมืองหลัก
Ranong,ระนอง,TH85,Thailand,ประเทศไทย,TH,ภาคใต้,ภาคใต้,เมืองรอง
Ranong,ระนอง,TH85,Thailand,ประเทศไทย,TH,ภาคใต้,ภาคใต้,เมืองรอง
Ranong,ระนอง,TH85,Thailand,ประเทศไทย,TH,ภาคใต้,ภาคใต้,เมืองรอง
Ranong,ระนอง,TH85,Thailand,ประเทศไทย,TH,ภาคใต้,ภาคใต้,เมืองรอง
Ranong,ระนอง,TH85,Thailand,ประเทศไทย,TH,ภาคใต้,ภาคใต้,เมืองรอง
Chumphon,ชุมพร,TH86,Thailand,ประเทศไทย,TH,ภาคใต้,ภาคใต้,เมืองรอง
Chumphon,ชุมพร,TH86,Thailand,ประเทศไทย,TH,ภาคใต้,ภาคใต้,เมืองรอง
Chumphon,ชุมพร,TH86,Thailand,ประเทศไทย,TH,ภาคใต้,ภาคใต้,เมืองรอง
Chumphon,ชุมพร,TH86,Thailand,ประเทศไทย,TH,ภาคใต้,ภาคใต้,เมืองรอง
Chumphon,ชุมพร,TH86,Thailand,ประเทศไทย,TH,ภาคใต้,ภาคใต้,เมืองรอง
Chumphon,ชุมพร,TH86,Thailand,ประเทศไทย,TH,ภาคใต้,ภาคใต้,เมืองรอง
Chumphon,ชุมพร,TH86,Thailand,ประเทศไทย,TH,ภาคใต้,ภาคใต้,เมืองรอง
Chumphon,ชุมพร,TH86,Thailand,ประเทศไทย,TH,ภาคใต้,ภาคใต้,เมืองรอง
Songkhla,สงขลา,TH90,Thailand,ประเทศไทย,TH,ภาคใต้,ภาคใต้,เมืองหลัก
Songkhla,สงขลา,TH90,Thailand,ประเทศไทย,TH,ภาคใต้,ภาคใต้,เมืองหลัก
Songkhla,สงขลา,TH90,Thailand,ประเทศไทย,TH,ภาคใต้,ภาคใต้,เมืองหลัก
Songkhla,สงขลา,TH90,Thailand,ประเทศไทย,TH,ภาคใต้,ภาคใต้,เมืองหลัก
Songkhla,สงขลา,TH90,Thailand,ประเทศไทย,TH,ภาคใต้,ภาคใต้,เมืองหลัก
Songkhla,สงขลา,TH90,Thailand,ประเทศไทย,TH,ภาคใต้,ภาคใต้,เมืองหลัก
Songkhla,สงขลา,TH90,Thailand,ประเทศไทย,TH,ภาคใต้,ภาคใต้,เมืองหลัก
Songkhla,สงขลา,TH90,Thailand,ประเทศไทย,TH,ภาคใต้,ภาคใต้,เมืองหลัก
Songkhla,สงขลา,TH90,Thailand,ประเทศไทย,TH,ภาคใต้,ภาคใต้,เมืองหลัก
Songkhla,สงขลา,TH90,Thailand,ประเทศไทย,TH,ภาคใต้,ภาคใต้,เมืองหลัก
Songkhla,สงขลา,TH90,Thailand,ประเทศไทย,TH,ภาคใต้,ภาคใต้,เมืองหลัก
Songkhla,สงขลา,TH90,Thailand,ประเทศไทย,TH,ภาคใต้,ภาคใต้,เมืองหลัก
Songkhla,สงขลา,TH90,Thailand,ประเทศไทย,TH,ภาคใต้,ภาคใต้,เมืองหลัก
Songkhla,สงขลา,TH90,Thailand,ประเทศไทย,TH,ภาคใต้,ภาคใต้,เมืองหลัก
Songkhla,สงขลา,TH90,Thailand,ประเทศไทย,TH,ภาคใต้,ภาคใต้,เมืองหลัก
Songkhla,สงขลา,TH90,Thailand,ประเทศไทย,TH,ภาคใต้,ภาคใต้,เมืองหลัก
Satun,สตูล,TH91,Thailand,ประเทศไทย,TH,ภาคใต้,ภาคใต้,เมืองรอง
Satun,สตูล,TH91,Thailand,ประเทศไทย,TH,ภาคใต้,ภาคใต้,เมืองรอง
Satun,สตูล,TH91,Thailand,ประเทศไทย,TH,ภาคใต้,ภาคใต้,เมืองรอง
Satun,สตูล,TH91,Thailand,ประเทศไทย,TH,ภาคใต้,ภาคใต้,เมืองรอง
Satun,สตูล,TH91,Thailand,ประเทศไทย,TH,ภาคใต้,ภาคใต้,เมืองรอง
Satun,สตูล,TH91,Thailand,ประเทศไทย,TH,ภาคใต้,ภาคใต้,เมืองรอง
Satun,สตูล,TH91,Thailand,ประเทศไทย,TH,ภาคใต้,ภาคใต้,เมืองรอง
Trang,ตรัง,TH92,Thailand,ประเทศไทย,TH,ภาคใต้,ภาคใต้,เมืองรอง
Trang,ตรัง,TH92,Thailand,ประเทศไทย,TH,ภาคใต้,ภาคใต้,เมืองรอง
Trang,ตรัง,TH92,Thailand,ประเทศไทย,TH,ภาคใต้,ภาคใต้,เมืองรอง
Trang,ตรัง,TH92,Thailand,ประเทศไทย,TH,ภาคใต้,ภาคใต้,เมืองรอง
Trang,ตรัง,TH92,Thailand,ประเทศไทย,TH,ภาคใต้,ภาคใต้,เมืองรอง
Trang,ตรัง,TH92,Thailand,ประเทศไทย,TH,ภาคใต้,ภาคใต้,เมืองรอง
Trang,ตรัง,TH92,Thailand,ประเทศไทย,TH,ภาคใต้,ภาคใต้,เมืองรอง
Trang,ตรัง,TH92,Thailand,ประเทศไทย,TH,ภาคใต้,ภาคใต้,เมืองรอง
Trang,ตรัง,TH92,Thailand,ประเทศไทย,TH,ภาคใต้,ภาคใต้,เมืองรอง
Trang,ตรัง,TH92,Thailand,ประเทศไทย,TH,ภาคใต้,ภาคใต้,เมืองรอง
Phatthalung,พัทลุง,TH93,Thailand,ประเทศไทย,TH,ภาคใต้,ภาคใต้,เมืองรอง
Phatthalung,พัทลุง,TH93,Thailand,ประเทศไทย,TH,ภาคใต้,ภาคใต้,เมืองรอง
Phatthalung,พัทลุง,TH93,Thailand,ประเทศไทย,TH,ภาคใต้,ภาคใต้,เมืองรอง
Phatthalung,พัทลุง,TH93,Thailand,ประเทศไทย,TH,ภาคใต้,ภาคใต้,เมืองรอง
Phatthalung,พัทลุง,TH93,Thailand,ประเทศไทย,TH,ภาคใต้,ภาคใต้,เมืองรอง
Phatthalung,พัทลุง,TH93,Thailand,ประเทศไทย,TH,ภาคใต้,ภาคใต้,เมืองรอง
Phatthalung,พัทลุง,TH93,Thailand,ประเทศไทย,TH,ภาคใต้,ภาคใต้,เมืองรอง
Phatthalung,พัทลุง,TH93,Thailand,ประเทศไทย,TH,ภาคใต้,ภาคใต้,เมืองรอง
Phatthalung,พัทลุง,TH93,Thailand,ประเทศไทย,TH,ภาคใต้,ภาคใต้,เมืองรอง
Phatthalung,พัทลุง,TH93,Thailand,ประเทศไทย,TH,ภาคใต้,ภาคใต้,เมืองรอง
Phatthalung,พัทลุง,TH93,Thailand,ประเทศไทย,TH,ภาคใต้,ภาคใต้,เมืองรอง
Pattani,ปัตตานี,TH94,Thailand,ประเทศไทย,TH,ภาคใต้,ภาคใต้,เมืองรอง
Pattani,ปัตตานี,TH94,Thailand,ประเทศไทย,TH,ภาคใต้,ภาคใต้,เมืองรอง
Pattani,ปัตตานี,TH94,Thailand,ประเทศไทย,TH,ภาคใต้,ภาคใต้,เมืองรอง
Pattani,ปัตตานี,TH94,Thailand,ประเทศไทย,TH,ภาคใต้,ภาคใต้,เมืองรอง
Pattani,ปัตตานี,TH94,Thailand,ประเทศไทย,TH,ภาคใต้,ภาคใต้,เมืองรอง
Pattani,ปัตตานี,TH94,Thailand,ประเทศไทย,TH,ภาคใต้,ภาคใต้,เมืองรอง
Pattani,ปัตตานี,TH94,Thailand,ประเทศไทย,TH,ภาคใต้,ภาคใต้,เมืองรอง
Pattani,ปัตตานี,TH94,Thailand,ประเทศไทย,TH,ภาคใต้,ภาคใต้,เมืองรอง
Pattani,ปัตตานี,TH94,Thailand,ประเทศไทย,TH,ภาคใต้,ภาคใต้,เมืองรอง
Pattani,ปัตตานี,TH94,Thailand,ประเทศไทย,TH,ภาคใต้,ภาคใต้,เมืองรอง
Pattani,ปัตตานี,TH94,Thailand,ประเทศไทย,TH,ภาคใต้,ภาคใต้,เมืองรอง
Pattani,ปัตตานี,TH94,Thailand,ประเทศไทย,TH,ภาคใต้,ภาคใต้,เมืองรอง
Yala,ยะลา,TH95,Thailand,ประเทศไทย,TH,ภาคใต้,ภาคใต้,เมืองรอง
Yala,ยะลา,TH95,Thailand,ประเทศไทย,TH,ภาคใต้,ภาคใต้,เมืองรอง
Yala,ยะลา,TH95,Thailand,ประเทศไทย,TH,ภาคใต้,ภาคใต้,เมืองรอง
Yala,ยะลา,TH95,Thailand,ประเทศไทย,TH,ภาคใต้,ภาคใต้,เมืองรอง
Yala,ยะลา,TH95,Thailand,ประเทศไทย,TH,ภาคใต้,ภาคใต้,เมืองรอง
Yala,ยะลา,TH95,Thailand,ประเทศไทย,TH,ภาคใต้,ภาคใต้,เมืองรอง
Yala,ยะลา,TH95,Thailand,ประเทศไทย,TH,ภาคใต้,ภาคใต้,เมืองรอง
Yala,ยะลา,TH95,Thailand,ประเทศไทย,TH,ภาคใต้,ภาคใต้,เมืองรอง
Narathiwat,นราธิวาส,TH96,Thailand,ประเทศไทย,TH,ภาคใต้,ภาคใต้,เมืองรอง
Narathiwat,นราธิวาส,TH96,Thailand,ประเทศไทย,TH,ภาคใต้,ภาคใต้,เมืองรอง
Narathiwat,นราธิวาส,TH96,Thailand,ประเทศไทย,TH,ภาคใต้,ภาคใต้,เมืองรอง
Narathiwat,นราธิวาส,TH96,Thailand,ประเทศไทย,TH,ภาคใต้,ภาคใต้,เมืองรอง
Narathiwat,นราธิวาส,TH96,Thailand,ประเทศไทย,TH,ภาคใต้,ภาคใต้,เมืองรอง
Narathiwat,นราธิวาส,TH96,Thailand,ประเทศไทย,TH,ภาคใต้,ภาคใต้,เมืองรอง
Narathiwat,นราธิวาส,TH96,Thailand,ประเทศไทย,TH,ภาคใต้,ภาคใต้,เมืองรอง
Narathiwat,นราธิวาส,TH96,Thailand,ประเทศไทย,TH,ภาคใต้,ภาคใต้,เมืองรอง
Narathiwat,นราธิวาส,TH96,Thailand,ประเทศไทย,TH,ภาคใต้,ภาคใต้,เมืองรอง
Narathiwat,นราธิวาส,TH96,Thailand,ประเทศไทย,TH,ภาคใต้,ภาคใต้,เมืองรอง
Narathiwat,นราธิวาส,TH96,Thailand,ประเทศไทย,TH,ภาคใต้,ภาคใต้,เมืองรอง
Narathiwat,นราธิวาส,TH96,Thailand,ประเทศไทย,TH,ภาคใต้,ภาคใต้,เมืองรอง
Narathiwat,นราธิวาส,TH96,Thailand,ประเทศไทย,TH,ภาคใต้,ภาคใต้,เมืองรอง
